,labels,frequency
0,cord,2
1,battery life,53
2,staff,60
3,food,364
4,kitchen,3
5,menu,57
6,perks,1
7,orrechiete with sausage and ch,1
8,waiters,12
9,meats,2
10,dish,19
11,bagels,20
12,toast,1
13,mayonnaise,1
14,bacon,2
15,cheese,11
16,ingredients,11
17,plate,4
18,omelet,1
19,drinks,34
20,check,6
21,design,15
22,atmosphere,49
23,cuisine,11
24,pizza,49
25,thin crusted pizza,1
26,interior decoration,1
27,chefs,2
28,seats,3
29,seltzer with lime,1
30,pickles,3
31,selection of meats and seafood,1
32,dishes,29
33,eat family style,1
34,vibe,5
35,owner,14
36,service,246
37,delivery,13
38,prices,65
39,interior decor,1
40,wine,22
41,price,99
42,quantity,5
43,sushi,35
44,sushi bar,3
45,fried rice,2
46,mussels,3
47,puff pastry goat cheese,1
48,salad with a delicious dressin,1
49,hanger steak au poivre,1
50,courses,3
51,indian food,7
52,place,63
53,broth with noodles,1
54,meal,40
55,money,6
56,wine list,19
57,thai food,16
58,glass of wine,5
59,specials,12
60,lunch,29
61,dinner,56
62,dine,1
63,desert,1
64,bar,31
65,table,39
66,environment,2
67,lasagnette appetizer,1
68,beer selection,1
69,setting,7
70,dining,6
71,dosa,3
72,wine list selection,1
73,wine  by  the  glass,1
74,entrees,8
75,sake martini,2
76,spreads,3
77,chopsticks,1
78,garden terrace,1
79,crowded,1
80,grilled branzino,1
81,wait staff,11
82,french food,4
83,packed,1
84,pre  theater menu,2
85,order,2
86,server,8
87,scents,1
88,lobster sandwich,3
89,spider roll,1
90,shell crab,1
91,deep fried skewers,1
92,reservations,13
93,hostess,8
94,rice dishes,2
95,congee  rice porridge ,1
96,tuna tartar appetizer,1
97,chef,14
98,fish dishes,1
99,soups,3
100,french fare,1
101,baby pizzas,2
102,waiting,4
103,lava cake dessert,1
104,managers,1
105,selection of wines,1
106,italian decor,1
107,dining experience,3
108,wine selection,5
109,reservation,19
110,maitre,1
111,panang duck,1
112,raw vegatables,1
113,indian,3
114,ambiance,21
115,bbq salmon,1
116,sea bass,2
117,crispy duck,1
118,crust,6
119,kababs,1
120,dal bukhara,1
121,eating,1
122,taste,11
123,glass of prosecco,1
124,glass of leaping lizard,1
125,creme brulee,2
126,sugar,2
127,served,14
128,garlic knots,1
129,chinese food,5
130,teapot,1
131,fresh mozzarella,1
132,getting a table,3
133,bistro  type vibe,1
134,waitress,16
135,tables,14
136,fish,23
137,variety of fish,1
138,pesto pizza,2
139,house salad,2
140,bottle of wine,3
141,bartender,10
142,beverage manager,1
143,music,15
144,refleshment,1
145,foods,4
146,tastes,2
147,sommlier,1
148,captain,1
149,back waiters,1
150,tandoori salmon,1
151,space,13
152,atmorphere,1
153,menu items,3
154,three course meal,2
155,crawfish boiled,1
156,pad thai,7
157,noodles,5
158,delivered,2
159,values for your money,1
160,wait building,1
161,corridor,1
162,counters,1
163,counter,3
164,steaks,1
165,salads,9
166,sides,4
167,pickels and slaw,1
168,wine by the glass,1
169,change mojito,1
170,soup for the udon,1
171,soy sauce,2
172,water,5
173,anti  pasta,1
174,calamari,3
175,filling pasta mains,1
176,glasses of wine,2
177,ceviche mix  special ,1
178,crab dumplings,1
179,assorted sashimi,1
180,rolls,7
181,sake,6
182,banana tempura,1
183,plain pizza,2
184,garlic,3
185,eggplant,2
186,servers,7
187,takeout menu,1
188,italian dishes,1
189,bottles of wine,1
190,beers,4
191,pumkin tortelini,1
192,dinner special,2
193,crabmeat lasagna,1
194,chocolate bread pudding,1
195,dessert,19
196,pasta dishes,1
197,tiramisu,3
198,bagel,12
199,plate of dumplings,1
200,filet mignon,1
201,sangria,3
202,sake menu,1
203,beef cubes,2
204,portions,26
205,traffic noise,1
206,ambience,27
207,dinner meeting,1
208,cantonese,1
209,cooking,1
210,prix fixe menu,1
211,quality,39
212,eggs benedict,1
213,hollondaise sauce,1
214,brunch,7
215,oatmeal,1
216,chilean sea bass,1
217,onion soup,1
218,dim sum,12
219,roll,2
220,rice,16
221,gin and tonic,1
222,tonic,1
223,little dishes,1
224,thai,4
225,grilled chicken special with e,1
226,roast duck,1
227,pork,2
228,chicken on rice with ginger,1
229,portion,7
230,roti rolls,1
231,tip,6
232,meat,3
233,hot dogs,3
234,noise level,2
235,personal pans,1
236,spicy fried clam rolls,1
237,spider rolls,1
238,food quality,3
239,man,1
240,cheesecake,2
241,employees,4
242,containers for condiments,1
243,containers,1
244,manager,12
245,decor,27
246,salmon dish,2
247,flavor,9
248,tuna melt,1
249,tuna sandwich,1
250,chicken tikka,1
251,naan,3
252,dals,1
253,bill,15
254,lawns,1
255,ravioli,1
256,price tag,3
257,appetizers,14
258,mozzarella,1
259,pie,2
260,main dining room,1
261,ceiling,3
262,menu selections,2
263,establishment,2
264,seafood dishes,1
265,grapes,1
266,waiter,26
267,burger,4
268,pastas,4
269,staples,1
270,seating,7
271,wait,22
272,seafood,10
273,salmon,5
274,beverages,1
275,asian appetizers,1
276,view,6
277,value,16
278,attitude,1
279,striped bass,1
280,corriander,1
281,black white shakes,1
282,chu chu curry,1
283,pad thai chicken,1
284,prix fixe,2
285,pastrami,3
286,bagel with lox spread,1
287,bagles,1
288,quality of food,5
289,lobby area,1
290,seated,5
291,proprietor,1
292,lunch meetings,1
293,food s presentation,1
294,waitstaff,9
295,swordfish,1
296,management,5
297,desserts,9
298,italian food,4
299,moules,1
300,lobster ravioli,1
301,eat,1
302,wines,5
303,pastrami or corned beef,1
304,rye bread,1
305,glasses of champagne,1
306,after dinner drinks,1
307,seasoning,3
308,owners,6
309,people,10
310,main dishes,2
311,location,6
312,stuff,4
313,eats,4
314,gourmet food,1
315,bruschetta,2
316,panini,2
317,fried mini buns with the conde,1
318,starter,1
319,take  out pizza,1
320,green curry with vegetables,1
321,door,2
322,priced,20
323,portioins,1
324,lunch specials,2
325,pizzas,3
326,pot  stickers,1
327,tempura dish,1
328,entree range,1
329,deliveries,2
330,smoked salmon and roe appetize,1
331,garlic shrimp,1
332,lamb,2
333,okra  bindi ,1
334,steak,9
335,escargot,1
336,casual dinner,1
337,chicken tikka marsala,1
338,styles of pizza,1
339,look,10
340,coconut rice,1
341,appetizer,12
342,beers on tap,1
343,bottle minimun,1
344,spot,9
345,chicken,8
346,vegetables,4
347,appetizing,1
348,bun,1
349,fusion of french and indian co,1
350,turnip cake,1
351,roast pork buns,1
352,egg custards,1
353,seating in the garden,1
354,food options,1
355,cost,15
356,pre  theatre 3course dinner,1
357,wine flight,1
358,calzones,1
359,drink,10
360,bar scene,2
361,beverage selections,1
362,secret back room,1
363,gulab jamun,1
364,diner,2
365,room,5
366,pig feet ginger simmered in bl,1
367,desserts with frog jelly,1
368,thai cuisine,3
369,crew,2
370,host,3
371,round tables,1
372,taiwanese,1
373,french fries,1
374,regular menu  fare,1
375,fresh tomato sauce,1
376,fresh mozz cheese,1
377,basil,1
378,dough,1
379,flour,1
380,paneer roll,1
381,plates,2
382,fresh mozzerella slices,1
383,plain cheese slice,1
384,filet mignon with garlic mash,1
385,roasted tomato soup with chevr,1
386,steak frites,1
387,bread,8
388,margarite pizza with cold pros,1
389,salad,4
390,peter s favourite pizza with p,1
391,bruschettas,1
392,paninis,1
393,tramezzinis,1
394,diners,2
395,pre  theater prix  fixe,1
396,fried chicken,1
397,pork chop,1
398,noodle dishes,2
399,privacy,1
400,corner booth table,1
401,open faced cheese sandwich,1
402,breads,1
403,squid,2
404,half  price saturday night opt,1
405,homemade pasta,1
406,value ofr money,1
407,soup,4
408,mushrooms,1
409,beginning appetizers,1
410,scallops,3
411,chocolate souffle with rasberr,1
412,japanese tapas,1
413,seaweed,1
414,lamb sausages,1
415,sardines with biscuits,1
416,large whole shrimp,1
417,pistachio ice cream,1
418,fresh tomatoes,1
419,sauce on the pizza,1
420,outdoor seating,4
421,mesclun,1
422,ice cream,1
423,bistro fare,2
424,chilaquiles,1
425,jazz brunch,1
426,live jazz,2
427,measures of liquers,1
428,table service,1
429,pork belly,1
430,fat,1
431,lamb chop,1
432,lemon,1
433,extra virgnin olive oil,1
434,pastrami sandwich,2
435,beer,8
436,truffle oil,1
437,wild mushroomthird generation ,1
438,omelletes,1
439,sushi fix,1
440,reservation sigh,1
441,food art,1
442,outdoor atmosphere,1
443,toppings,5
444,bills,1
445,scallion pancakes,1
446,fried dumplings,3
447,pasta,6
448,dumpling,2
449,fondue appetizer,1
450,spice,2
451,octopus salad,1
452,msg cooking,1
453,tom kha soup,1
454,bombay beer,1
455,dining hall,1
456,semi  private boths,1
457,office lunch,1
458,sweet lassi,1
459,lamb chettinad,1
460,garlic naan,2
461,rasamalai,1
462,lambchops,1
463,spicy tuna,1
464,hosts,1
465,quality value,1
466,meat dishes,2
467,vegetarian  friendly choices,1
468,amuse bouche,1
469,crunchy tuna,1
470,live entertainment,1
471,special effects,1
472,fountain drinks,1
473,steak tartare,1
474,crab croquette apt,1
475,house wine,1
476,dim sum servings,1
477,glass front,1
478,barbecued codfish,1
479,texture,1
480,spice rub,1
481,herb mix,1
482,sauce,10
483,dance floor,1
484,platter,1
485,in sandwiches,1
486,frying,1
487,bacos,1
488,american chinese food,1
489,beef carpaachio,1
490,kalbi,1
491,nebbiolo,1
492,located,1
493,clubhouse,1
494,trays of dim sum,1
495,bartenders,1
496,cheff,1
497,price range,3
498,svc,1
499,whole grilled fish,1
500,tuna tartare,1
501,mushroom ravioli,1
502,pinot noir,1
503,chocolate sampler,2
504,dessert wine,2
505,lines,1
506,crowds,1
507,shows,5
508,characters,1
509,indian cuisine,1
510,pasta dish,1
511,main course,5
512,neighborhood,1
513,hosting staff,1
514,apetizers,1
515,noodle and rices dishes,1
516,fried clams,1
517,sauces,3
518,lunch menu,1
519,entree,8
520,cooked,1
521,champagne,2
522,caviar,3
523,shrimp scampi,1
524,antipasti,1
525,dim sum combo,1
526,martini,2
527,roast chicken,1
528,insde table,1
529,chicken vindaloo,1
530,spicy food,1
531,bar food,1
532,hand  crafted beers,1
533,capex,1
534,back garden,2
535,nigiri,1
536,architecture,1
537,mushroom pizza,1
538,cod with paella,1
539,fish and chips,2
540,serving,3
541,fries,4
542,porcini mushroom pasta special,1
543,seafood tagliatelle,1
544,spicy wontons,1
545,salt pepper shrimps,1
546,food portions,2
547,bar service,1
548,taiwanese food,1
549,homemade lasagna,1
550,dessert menu,1
551,in  house lady dj,1
552,buns,1
553,beef noodle soup,1
554,delivery service,2
555,flavors,4
556,herbs,1
557,tomatoes,1
558,shredded cheese,2
559,root vegetables,1
560,mushroom consomme,1
561,shabu  shabu dinner,1
562,beef,6
563,comfort,1
564,meals,3
565,pho,2
566,vegtables,1
567,presentaion,1
568,choice,1
569,oil,3
570,wait  staff,1
571,sea urchin,2
572,bruscetta,1
573,mix of greens,1
574,iceberg,1
575,general tao chicken,1
576,shrimp appetizers,1
577,cold appetizer dishes,1
578,parmesean porcini souffle,1
579,lamb glazed with balsamic vine,1
580, gourmet  indian cuisine,1
581,pub,1
582,corned beef sandwich,1
583,amount,1
584,olive cream cheese,1
585,lox spread,1
586,rice to fish ration,1
587,selecion of wines,1
588,godmother pizza,1
589,crab cocktail,1
590,lime juice concoction,1
591,lime,1
592,corned beef,2
593,chicken pad tai,1
594,dumplings,6
595,crowd,2
596,turkey burger,1
597,margheritta,1
598,eel,1
599,lox,2
600,cod,1
601,trout,1
602,crispy chicken,1
603,meatballs,1
604,caprese salad,1
605,beans on toast,1
606,lobby,1
607,tapas,1
608,pita bread,1
609,waitresses,3
610,variety,1
611,seat,5
612,sandwiches,4
613,serves,2
614,front doors,1
615,back garden sitting area,1
616,personal herb garden,1
617,pastrami sandwiches,1
618,mexican food,1
619,glass of water,1
620,live music,1
621,jazz nights,1
622,lemon salad,1
623,pepper,2
624,lad nar,1
625,places,1
626,front door,1
627,guizhou chicken,2
628,fish with hot bean source,1
629,fish fillet in spicy source,1
630,special menu,1
631,open kitchen,1
632,bhelpuri,1
633,sevpuri,1
634,samosa chaats,1
635,indian appetizers,1
636,bombay style chaat,1
637,singapore mai fun,1
638,curry flavor,1
639,dinner location,1
640,indian restaurant food,1
641,at moshphere,1
642,tips,1
643,sushi places,1
644,round of drinks,1
645,toaster,2
646,menu choices,1
647,main courses,1
648,exotic food,1
649,mediterranean salad,1
650,cream cheeses,2
651,coffee,2
652,beef version,1
653,club soda  filled with ice  no,1
654,house varities,1
655,pudding dessert,1
656,vegetable samosa,1
657,malai tikka wrap,1
658,goat cheese,2
659,panchetta,1
660,raddichio,1
661,kinds of beer,1
662,turnip soup with pureed basil,1
663,thai spiced curry noodles with,1
664,nightcap,1
665,food suggestions,1
666,sommelier,1
667,fromager,1
668,japanese food,2
669,price category,1
670,entertainment,2
671,seved,1
672,signs,1
673,specials menus,1
674,scallop roll,1
675,sesame chicken,1
676,nori  wrapped tuna,1
677,fast food,2
678,all you can eat deal,1
679,meat patties in steamed buns,1
680,dining room,1
681,variety of dishes,1
682,white bean brushetta,1
683,lay out,1
684,cart attendant,1
685,lotus leaf wrapped rice,1
686,feel,5
687,interior,1
688,sashimi plate,1
689,servants,1
690,noise,4
691,chicken dish,1
692,prix fixe lunch,1
693,buffet,2
694,hot bagel,1
695,pepper powder,1
696,glass of sangria,1
697,table by the window,1
698,jalapeno,1
699,pad see ew,2
700,back patio,1
701,guacamoleshrimp appetizer,1
702,filet,1
703,frites,2
704,lunch special,2
705,the chicken pot pie,1
706,cheeseburger,1
707,spicy ethnic foods,1
708,snacking,1
709,seasonal beer,1
710,course,2
711,cook,1
712,yellowtail,1
713,clams oreganta,1
714,salad with perfectly marinated,1
715,lentil dish,1
716,basmati rice dish,1
717,cigar bar,1
718,ambient,1
719,cheescake,1
720,entertaining,1
721,fluke sashimi,1
722,jalapeno  lime olive oil,1
723,fruit of the oil,1
724,steak au poivre,2
725,congee,2
726,donut like deep fried dough th,1
727,candle  light,1
728,food  quality,1
729,ethnic food,1
730,ac,1
731,cooks,1
732,sushi rolls,1
733,dinner menu to sit,1
734,take out,1
735,scallion pancake,1
736,vegetable juice,1
737,shredded squid family style,1
738,sichuan spicy soft shell crab,1
739,shuizhu fish,1
740,sichuan food,1
741,spinach mushroom calzone,1
742,canned vegetables,1
743,blue point oysters,1
744,green curry dish,1
745,atmoshere,2
746,spicy tuna roll,2
747,rock shrimp tempura,1
748,white chocolate bread pudding ,1
749,banana tower,1
750,icing on the cake,1
751,french cuisine,1
752,vegetarian entree,1
753,abby s treasure,1
754,wintermelon,1
755,assortment of fresh mushrooms ,1
756,onglet,1
757,reputation,1
758,spinach and corn dumplings,1
759,bathroom,2
760,massamman curry,1
761,chow fun and chow see,1
762,pita,2
763,oysters,3
764,grilled cheese,1
765,doors,1
766,good,1
767,terrace,1
768,japanese cuisine,1
769,jazz bands,1
770,halibut special,1
771,japanese comfort food,1
772,half price sushi deal,1
773,appetizer platter,1
774,dress codes,1
775,attitudes,1
776,pieces of sushi,1
777,jewish deli food,1
778,neapolitan pizza,1
779,zucchini blossoms,1
780,slice,2
781,vietnamese classics,1
782,wait time,2
783,fish tanks,2
784,noodle soup dishes,1
785,spaghetti with scallops and sh,1
786,spinach ravioli in a light oil,1
787,chicken teriyaki dish,1
788,pam s special fried fish,1
789,new england chowder,1
790,lobster bisque,2
791,wines by the glass,2
792,duck breast special,1
793,french indian fusion,1
794,fried shrimp,1
795,cheese fondue,2
796,green curry,1
797,currys  masaman  green  red ,1
798,gigondas,1
799,house champagne,1
800,yellowfun tuna,1
801,mussel selection,1
802,scenery,1
803,dinner reservations,1
804,cheese plate,1
805,glasses of water,1
806,godmother pizza  a sort of tra,1
807,sandwich,2
808,plastic forks,1
809,hummus platter,1
810,cocktails,2
811,apple tarte tatin,1
812,selection,2
813,chocolate,1
814,actors,2
815,new york bagel,1
816,miso soup,1
817,filets,1
818,quail,1
819,zucchini,1
820,mashed potatoes,1
821,butter,3
822,spicy scallop roll,1
823,indian dining experience,1
824,pub atmosphere,1
825,workers,2
826,mixed drinks,1
827,snack foods,1
828,chocolate mud cake  warmed ,1
829,dulce de leche gelato,1
830,stauff,1
831,classical furniture,1
832,cole slaw,1
833,knish,1
834,blond wood decor,1
835,eggs,2
836,chicken tikka  masala,1
837,menu description,1
838,pad se  ew,1
839,chicken with cashew nuts,1
840,french bistro fare,1
841,shabu  shabu,1
842,people with carts of food,1
843,crackling calamari salad,1
844,sushi place,1
845,group dinner,1
846,thai ice tea,1
847,guy,2
848,roofdeck,1
849,sesame crusted salmon,1
850,chicken with chili and lemon g,1
851,lamb chops,1
852,chicken tikka masala,1
853,plain slice,1
854,takeout,2
855,live jazz band,1
856,lobster cobb salad,1
857,tea room,1
858,apppetizers,1
859,chips,1
860,side,1
861,dim sum atmosphere,1
862,selection of wine,1
863,tamarind duck,1
864,noodles with ground beef,1
865,thai flavors,1
866,black cod with yuzu sauce,1
867,sicilian,1
868,downstairs lounge,1
869,menu prices,1
870,portion size,2
871,busboy,2
872,water and wine glasses,1
873,prix fixe meal,1
874,night scene,1
875,expresso,1
876,hot sauce,1
877,thai popcorn,1
878,parathas,1
879,kebabs,1
880,tuna,5
881,wasabe potatoes,1
882,coat check girls,1
883,cannoli,1
884,after dinner drink,1
885,prix fixe pricing,1
886,area,2
887,tanks,1
888,halibut,1
889,cream cheese,2
890,chicken casserole,1
891,mezzanine,1
892,valentines day dinner,1
893,jelly fish,1
894,drunken chicken,1
895,soupy dumplings,1
896,stir fry blue crab,1
897,dumpling menu,1
898,aesthetics,2
899,box wine,1
900,sushi chef,2
901,atmoshpere,1
902,sashimi,3
903,italian cheese,1
904,thin  crust pizza,1
905,shrimp appetizer,1
906,lamb vindaloo,1
907,dinners,2
908,spices,1
909,onions,1
910,roti,1
911,potato pancakes,1
912,fried dumpling,1
913,primi,1
914,secondi,1
915,dining area,1
916,crab cakes,1
917,sichuan chef,1
918,nori,1
919,patio,1
920,white wine,1
921,private room,1
922,aisle,1
923,pre  fixe menu,1
924,choices per course,1
925,ordering a la carte,1
926,pakistani food,1
927,eggplant parmesan,2
928,baked ziti with meatsauce,1
929,hot pot with seafood,1
930,shrimp,1
931,crabmeat,1
932,kielbasa,1
933,apples,1
934,curry,1
935,white sauce,1
936,paratha bread,1
937,stuffing,1
938,tandoori,1
939,delivery time,1
940,thai noodles with shrimp and c,1
941,portion sizes,2
942,kosher dills,1
943,kamikaze,1
944,mayonaisse,1
945,food runners,1
946,braised lamb shank in red wine,1
947,special,1
948,iced tea,1
949,servings,1
950,lettuce,2
951,obv caviar,1
952,dining experiences,1
953,santa fe chopped salad,1
954,tuna roll,1
955,comfort food,2
956,technique,1
957,atomosphere,2
958,indian fast food,1
959,main entree,1
960,cold udon,1
961,snapple,1
962,apps,3
963,dosas,1
964,popcorn topping,1
965,scene,1
966,customers,1
967,ladies,1
968,people serving,1
969,fillings,1
970,dosa batter,1
971,pre  theatre or after  theatre,1
972,mussaman curry,1
973,fried tofu,1
974,potato,1
975,gnochi,2
976,lunch buffet,3
977,serve,1
978,cokes,1
979,drumsticks over rice,1
980,sour spicy soup,1
981,whitefish salad,1
982,whitefish,1
983,mayo,1
984,chicken parm,1
985,chicken with portobello mushro,1
986,tomato sauce,1
987,counter service,2
988,staff member,1
989,upstairs,1
990,red curry,1
991,saul,1
992,pad penang,1
993,walls,1
994,hanger steak,1
995,lunch food,1
996,quasi  thai,1
997,barebecued salmon,1
998,chai tea,1
999,spicy tuna hand rolls,1
1000,brassiere food,1
1001,prix fix,1
1002,thali,1
1003,chef app,1
1004,delicate butternut squash ravi,1
1005,buttery and tender langostine ,1
1006,cakebread cabernet,1
1007,pastries,1
1008,makhani,1
1009,korma,1
1010,foie gras terrine with figs,1
1011,duck confit,1
1012,gulab jamun  dessert ,1
1013,freshness,2
1014,brioche and lollies,1
1015,2person table,1
1016,mussels in spicy tomato sauce,1
1017,case of snapple,1
1018,lamb dishes,1
1019,care,1
1020,dimsum,1
1021,sushimi cucumber roll,1
1022,salt,1
1023,potato chips,1
1024,pasta entrees,1
1025,customer service,5
1026,oyster,1
1027,maitre d ,1
1028,ala carte,1
1029,pork chops,1
1030,tofu plates,1
1031,steak with portobello mushroom,1
1032,surroundings,2
1033,dinner menu,1
1034,rush,1
1035,duck noodles,1
1036,martinis,1
1037,avocado,1
1038,drink refills,1
1039,business dinner,1
1040,lobster tails,1
1041,espresso cup filled with choco,1
1042,lemon grass chicken,1
1043,beef cube on rice,1
1044,portraits,1
1045,appitizers,1
1046,curry sauce,1
1047,deli,1
1048,pork buns,1
1049,maine lobster,1
1050,ingrediants,1
1051,backyard dining area,1
1052,chocolate cake,1
1053,vanilla gelato  with espresso ,1
1054,dining rooms,1
1055,tiramisu chocolate cake,1
1056,decore,1
1057,cater,1
1058,mango chicken,1
1059,presentation,1
1060,garlic mashed potatoes,1
1061,lamb meat,1
1062,red wine,1
1063,hot tea,1
1064,outside,1
1065,lassi,1
1066,taxan,1
1067,southern indian cuisine,1
1068,staffs,1
1069,jukebox,1
1070,margarita,1
1071,sake list,1
1072,purple haze,1
1073,japanese classic cuisine,1
1074,spinach,1
1075,shanghai low mein,1
1076,dim sum orders,1
1077,wine menu,1
1078,horedevous,1
1079,hong  kong styled milk,1
1080,tea with tapioca pearls  hot ,1
1081,assortment of fish,1
1082,fatty yellow tail,1
1083,boton shrimp,1
1084,sea eel,1
1085,blue fin torro  fatty tuna ,1
1086,waterbugs,1
1087,veal in carozza chicken saltim,1
1088,chutneys,1
1089,mixed drink special,1
1090,waiting area,1
1091,bbq ribs,1
1092,argentinian pizza,1
1093,pelligrino,1
1094,blue cheese,1
1095,kamasutra,1
1096,bombay cosmopolitan,1
1097,date spot,1
1098,botle of wine,1
1099,steak dish,1
1100,food spot,1
1101,somosas,1
1102,chai,1
1103,chole,1
1104,dhosas,1
1105,dhal,1
1106,palak paneer,1
1107,malai kofta,1
1108,spring rolls,2
1109,cod with pineapple tempura,1
1110,bottle,1
1111,topping,1
1112,qualities,1
1113,dress cod,1
1114,candles,1
1115,surrounding,1
1116,pictures,2
1117,reuben sandwich,1
1118,strawberry daiquiries,1
1119,wait service,1
1120,zen feel,1
1121,egg noodles in the beef broth ,1
1122,rice congee soup,1
1123,summer rolls,2
1124,indoor,1
1125,mimosas,1
1126,cafe,1
1127,outdoor chairs,1
1128,walnuts,1
1129,tom yum soup,1
1130,tuscan cuisine,1
1131,neapolitan fare,1
1132,lobster teriyaki,1
1133,rose special roll,1
1134,glass of beer,1
1135,service staff,1
1136,delivery guys,1
1137,tamarind margaritas,1
1138,filet mignon dish,1
1139,pastrami on challah sandwich,1
1140,knishes,1
1141,mahi mahi  on saffron risotto,1
1142,go go hamburgers,1
1143,sandwhiches,1
1144,thia food,1
1145,bars,1
1146,pre  theatre menu,1
1147,stomach,1
1148,wallet,1
1149,line,1
1150,dinner specials,1
1151,fondue,1
1152,table grilling,1
1153,exotic salad,1
1154,green salad,1
1155,sweet basil fried tofu,1
1156,peanut sauce,1
1157,toasting,1
1158,garden,1
1159,lamb sandwhich,1
1160,dim sum dish,1
1161,traditional french decour,1
1162,hall,1
1163,wasabi,1
1164,sea salt,1
1165,burgers,1
1166,cheeseburgers,1
1167,unda  egg  rolls,1
1168,wine choices,1
1169,jazz,1
1170,lazy susans,1
1171,pork loin,1
1172,discount,1
1173,edamame pureed,1
1174,vegetarian dishes,1
1175,non  veg selections,1
1176,shrimp fritters,1
1177,spot lights,1
1178,times square cocktail,1
1179,ginger lemonade with vodka,1
1180,veal parmigana,1
1181,air conditioning,1
1182,sichuan cooking,1
1183,chongqing hotpot,1
1184,waiter traffic,1
1185,dinner plates,1
1186,sake collection,1
1187,nanbu bijin,1
1188,chicken in curry sauc,1
1189,salmon caserole,1
1190,angry lobster,1
1191,cold lobster salad,1
1192,crab  cake eggs benedict,1
1193,bathrooms,1
1194,chicken with garlic sauce,1
1195,chicken with black bean sauce,1
1196,hunan chicken,1
1197,take  out pies,1
1198,bannan fritter,1
1199,mascarpone with chocolate chip,1
1200,caprese salad appetizer,1
1201,half  price saturday night spe,1
1202,basic dishes,1
1203,nosh  pastrami sandwich ,1
1204,christmas dinner,1
1205,dinosaur rolls,1
1206,white tuna sashimi,1
1207,gnocchi,1
1208,bottle of sake,1
1209,edamames,1
1210,sushi plate,1
1211,cheese sticks,1
1212,pot of boiling water,1
1213,glass noodles,1
1214,service center,4
1215, sales  team,1
1216,tech guy,1
1217,gui,2
1218,applications,18
1219,use,53
1220,start up,2
1221,features,35
1222,ichat,1
1223,photobooth,2
1224,garage band,1
1225,screen,60
1226,power light,1
1227,hard drive light,1
1228,battery,45
1229,rubber enclosure,1
1230,edge,2
1231,multi  touch gestures,1
1232,tracking area,1
1233,external mouse,3
1234,gaming,13
1235,suite of software,1
1236,speed,21
1237,windows 7,14
1238,usb devices,1
1239,keyboard,50
1240,software,32
1241,system,14
1242,microsoft office for the mac,1
1243,syncing,1
1244,30  hd monitor,1
1245,boot up,6
1246,operating system,11
1247,preloaded software,2
1248,clock in bios setup,1
1249,warranty service,1
1250,brand,2
1251,warranty,30
1252,fan,8
1253,customer service number,1
1254,talking to a technician,1
1255,hard disc,2
1256,windows,29
1257,drivers,6
1258,bios update,1
1259,hp technical support,1
1260,browser,3
1261,virus scan,1
1262,9 punds,1
1263,program,11
1264,warrenty,11
1265,toshiba warranty,1
1266,webcam,7
1267,internet,6
1268,managing personal files,1
1269,motherboard,14
1270,charger,4
1271,hardware,8
1272,force quit,1
1273,works,13
1274,vmware program,1
1275,runs,17
1276,navigate,5
1277,find files,1
1278,extended warranty,9
1279,memory,18
1280,performace,1
1281,opening my documents folder,1
1282,operating systems,2
1283,glass touchpad,1
1284,hard drive,30
1285,mother board,4
1286,external speaker,1
1287,sound,6
1288,shipping,9
1289,mac software,2
1290,microsoft software,1
1291,delete   key,1
1292,editing,1
1293,phone assistance,1
1294,genius bar,1
1295,movie playing,1
1296,web browsing,4
1297,word editing,1
1298,recovery discs,2
1299,office max s  max assurance ,1
1300,imac backup disc,1
1301,usb,2
1302,battery timer,1
1303,temperatures,1
1304,core processing unit temperatu,1
1305,virus protection for mac,1
1306,bluetooth,5
1307,lg notebook service center,1
1308,hinge,5
1309,games,9
1310,responds,1
1311,representive at microsoft,1
1312,xp,2
1313,vista,11
1314,dell s customer disservice,1
1315,cooling system,3
1316,quad core i7,1
1317,sales associate,1
1318,windows applications,1
1319,virus program,1
1320,weighed,1
1321,seven pounds,1
1322,bag,1
1323,color,2
1324,keys,12
1325,designed,2
1326,style,1
1327,mousepad,5
1328,sales,1
1329,dell support,1
1330,construction quality,2
1331,longevity,2
1332,configuration of  extra key ,1
1333,touch pad,5
1334,security,2
1335,pricetag,1
1336,work,9
1337,vga port,1
1338,volume,1
1339,mouse,10
1340,touchpad,9
1341,boots up,3
1342,look and feel standpoint,1
1343,safari,3
1344,mozzilla firfox,1
1345,fingerprint reader driver,1
1346,display,11
1347,performance,23
1348,microsoft office,3
1349,resolution,4
1350,appearance,3
1351,graphics card,3
1352,built  in webcam,2
1353,built  in mic,1
1354,cam,1
1355,mic,3
1356,windows vista,3
1357,board,1
1358,connector,1
1359,power supply,10
1360,ethernet,1
1361,drag and drop feature,1
1362,sales tax,1
1363,software packages,1
1364,iwork,7
1365,garageband,7
1366,imovie,5
1367,colors,3
1368,monitor,4
1369,itunes,7
1370,size,23
1371,external monitor,1
1372,base installation,1
1373,manuf,1
1374,camera,2
1375,amd turin processor,1
1376,intel,1
1377,start menu,1
1378,bluray read  write drive,1
1379,service tech,1
1380,tech store,1
1381,surface,1
1382,ilife,5
1383,snow leopard x,1
1384,mac os,3
1385,sound output quality,1
1386,techie,1
1387,toshiba online help,1
1388,service life,1
1389,ports,2
1390,processor,10
1391,stock screen,1
1392,gray color,1
1393,volume buttons,1
1394,computing,1
1395,protector,1
1396,key pad,1
1397,magnetic plug  in power chargi,1
1398,graphics,17
1399,support,4
1400,geek squad,1
1401,graphics quality,1
1402,appleworks,2
1403,paint,2
1404,service department,1
1405,warrentys,1
1406,hard disk,3
1407,cd drive,6
1408,running,2
1409,screen size,7
1410,loads,3
1411,trackpad,6
1412,human interface,1
1413,inbuilt applications,1
1414,body,1
1415,i5,1
1416,antivirus software,2
1417,firewall,1
1418,apple team,1
1419,video chat,1
1420,cooling pad,2
1421,feature,7
1422,installation time,1
1423,power,8
1424,storage,3
1425,abilitiy,1
1426,spotlight search,1
1427,wireless system,1
1428,os,9
1429,apple support,1
1430,techs,2
1431,adding the bluetooth,1
1432,graphic power,1
1433,adobe creative apps,1
1434,programs,36
1435,materials,1
1436,tech support,7
1437,windows xp sp2,1
1438,windows 7 ultimate,2
1439,fingerprint reader,1
1440,techs at hp,1
1441,video card,3
1442,audio,1
1443,set up,4
1444,word processing,3
1445,spec,1
1446,hd,3
1447,graphics chip,1
1448,components,3
1449,dvd burner,4
1450,usb ports,5
1451,ran,2
1452,operation,4
1453,ground loop isolator,1
1454,leading edge,1
1455,bloatware,1
1456,maximum sound,1
1457,bootcamp,2
1458,action pack games,1
1459,twin packing,2
1460,functions,4
1461,after sales support,1
1462,display screen,1
1463,acer arcade,1
1464,customer support,4
1465,life,1
1466,pad,2
1467,system performance,1
1468,linux based os,1
1469,batteries,3
1470,shipping carton,1
1471,virus protection,2
1472,osx 16,1
1473,intel core processors,1
1474,hdmi port,2
1475,internet explorer,2
1476,price premium,1
1477,product and help aftermarket,1
1478,microsoft word,1
1479,sd memory card reader,1
1480,sd memory car expansion,1
1481,lacie 2big external drive,1
1482,firewire 800 interface,1
1483,time machine,1
1484,extra features,1
1485,windows 7 home premium,3
1486,acer screen,1
1487,usb port,1
1488,boot,2
1489,fires up,1
1490,online tutorial videos,1
1491,image,1
1492,soud,1
1493,shut down,2
1494,windows 7 starter,7
1495,windows 7 professional,1
1496,specifications,3
1497,power cords,1
1498,multi  touch features,1
1499,clicking buttons,1
1500,wired lan,1
1501,hard reboot,1
1502,apple care,2
1503,font,1
1504,run,4
1505,plastic  pieces,1
1506,2 gb ram stick,1
1507,microsoft word for mac,1
1508,warranty company,1
1509,cusromer service center,1
1510,weight,8
1511,aluminum body,1
1512,watching movies,2
1513,playing,1
1514,build quality,2
1515,dock,1
1516,working,1
1517,costing,2
1518,i7,1
1519,driver,2
1520,bios,5
1521,tech issues,1
1522,internet speed,2
1523,photo booth,2
1524,iphoto,9
1525,video  editing,1
1526,movie  making,1
1527,photo management,1
1528,pages,4
1529,numbers,2
1530,keynote,3
1531,school or office use,1
1532,web cam,2
1533,burn cd s,1
1534,17 inch screen,1
1535,drivers  applications dvd,2
1536,launch manager,1
1537,glass screen,1
1538,switchable graphic card,1
1539,technical support,1
1540,boot mgr,1
1541,recovery cd,1
1542,skype,2
1543,mouse buttons,1
1544,hdd,1
1545,rails,1
1546,home use,1
1547,business use,1
1548,updates,2
1549,ms office apps,1
1550,nortons virus scan,1
1551,frame,1
1552,loaded,1
1553,windows xp,3
1554,key broad,1
1555,repair  depot ,1
1556,school use,1
1557,wireless,2
1558,navigating,1
1559,speakers,13
1560,subwoofer,2
1561,built in camera,2
1562,left mouse key,1
1563,costed,1
1564,hard drive space,2
1565,picture,2
1566,extended warranties,2
1567,technical service for dell,1
1568,case,4
1569,photoshop,3
1570,system clock,1
1571,ram,8
1572,securitysoftware,1
1573,driver updates,1
1574,15 inch,1
1575,product support,1
1576,casing of the power cord,1
1577,internet signals,1
1578,right speaker,2
1579,multiple page viewer,1
1580,shipped,3
1581,recovery disk,2
1582,office,3
1583,office programs,1
1584,wifi,2
1585,typing,1
1586,temp,1
1587,windows operating system,1
1588,processor speed,1
1589,thunderbolt port,1
1590,lcd screen,1
1591,images,1
1592,adobe flash player,1
1593,internet explore,1
1594,windows update,2
1595,update,1
1596,switch,1
1597,4 gb stick of ram,1
1598,hardrive,2
1599,touch control buttons,1
1600,ilife software,2
1601,iweb,1
1602,system board,1
1603,navigation,2
1604,lcd,2
1605,dell customer service,1
1606,rma service,1
1607,screen  video resolution,1
1608,dreamweaver,1
1609,final cut pro 7,1
1610,firefox,3
1611,msn messenger,1
1612,apple applications,2
1613,gigs,1
1614,17inch screen,1
1615,dvd,1
1616,cd burners,1
1617,uploading photos,1
1618,creating presentations,1
1619,quality display,2
1620,12 cell battery,1
1621,power adapter plug,1
1622,tab,1
1623,extended warrenty,1
1624,tft panel,1
1625,windows operating systems,1
1626,bulk,1
1627,music software,1
1628,video,2
1629,combined touch pad and clicker,1
1630,unibody construction,1
1631,screen hinges,1
1632,storage life,1
1633,nvidia chipset,1
1634,charge time,1
1635,consistancy,1
1636,key bindings,1
1637,10key,1
1638,500 gb hard drive,1
1639,usb output,1
1640,wireless mouse,1
1641,linux,2
1642,windows disc,1
1643,disk throughput,1
1644,spinning beachball,1
1645,wireless internet access,1
1646,company,2
1647,screen resolutions,1
1648,carry,8
1649,edges,5
1650,iphotos,2
1651,built,4
1652,screen resolution,1
1653,snow leopard,1
1654,cpu,2
1655,office mac applications,1
1656,word,4
1657,excel,1
1658,spinning wheel,1
1659,184  screen,1
1660,regular layout keyboard,1
1661,3 year warranty,2
1662,online chat service,1
1663,vhs,1
1664,mac version of microsoft offic,1
1665,starting  up time,1
1666,operates,1
1667,transporting,1
1668,network capability,1
1669,wifi card,1
1670,printer,1
1671,os x,3
1672,repair service,1
1673,customer service agents,1
1674,aftereffects programs,1
1675,dependability,1
1676,mouse button,1
1677,buttons,5
1678,load,1
1679,webpages,1
1680,openoffice,1
1681,product key,1
1682,specs,5
1683,one touch keys,1
1684,stability,1
1685,sata controller,2
1686,video editing,1
1687,mobile video editing,1
1688,imovie program,1
1689,bluetooth mouse,2
1690,control buttons,1
1691,patches,1
1692,system memory,1
1693,radeon 5850,1
1694,ddr5,1
1695,ddr3,1
1696,os  vista ,1
1697,pop up windows,1
1698,web programming software,1
1699,pop ups,1
1700,3 g network,1
1701,web access,1
1702,design based programs,1
1703,adobe creative suite,1
1704,companies,1
1705,plug,2
1706,hdd cover,1
1707,spy ware,1
1708,nortell,1
1709,videocard,2
1710,pixel sizes,1
1711,pre installed software update,1
1712,customer services,1
1713,toshiba customer services,2
1714,space bar,1
1715,performing,1
1716,booting,1
1717,imail,1
1718,transport,1
1719,repair depot,3
1720,hard disk capacity,1
1721,gaming look,1
1722,gaming performance,1
1723,volume control,1
1724,internet connectivity,1
1725,usb wireless card,1
1726,discharges,1
1727,compatibility,1
1728,charging,2
1729,stand,1
1730,heat sink,1
1731,trend micro,1
1732,antiviral program,1
1733,plastic piece,1
1734,usb port wires,1
1735,case design,1
1736,connection,1
1737,pricing,1
1738,built  in wireless,1
1739,processing power,2
1740,install,1
1741,uninstall ,1
1742,iworks,1
1743,ms office,3
1744,application,1
1745,boot camp,1
1746,applecare,1
1747,cad programs,1
1748,tutorials,2
1749,mouse pad,3
1750,right click key,1
1751,full charge,1
1752,cordless mouse,1
1753,toshiba tech support,1
1754,charged,2
1755,online chat,1
1756,speaker grill,2
1757,full service,1
1758,letter a,1
1759,after sales service,1
1760,recovey disk,1
1761,capacity,1
1762,build,2
1763,portability,6
1764,warranty service to toshiba,1
1765,screens,1
1766,downloads,1
1767,led backlit display,1
1768,connect quality,1
1769,headphone,1
1770,mic jack,1
1771,touch  pad,1
1772,headphones,2
1773,connection with the internet,1
1774,booting up,2
1775,shutting down,1
1776,osx,2
1777,dashboard,1
1778,return policy,1
1779,affordability,1
1780,hook to my wireless network,1
1781,aluminum style,1
1782,nvidia 9800,1
1783,arm piece,1
1784,1year  warranty,1
1785,word processer,1
1786,performance specs,1
1787,quality control,1
1788,touch  mouse,1
1789,numeric pad,1
1790,cover for the dvd drive,1
1791,arm velcro,1
1792,2 gb of ram,1
1793,versitility,1
1794,hinge design,1
1795,browsers,1
1796,screen graphics,1
1797,clarity,1
1798,sharpness,1
1799,safety feature,1
1800,unibody design,1
1801,one  year warranty,1
1802,charge,10
1803,services,1
1804,bluetooth 3,1
1805,fan blade,1
1806,internet connection,2
1807,external harddrives,1
1808,functionality,1
1809,simplicity,1
1810,looking,1
1811,mouse keys,1
1812,mute,1
1813,color reproduction,1
1814,sony  certified  technician,1
1815,proprietary software,1
1816,apple care plan,1
1817,video games,1
1818,trial software,1
1819,internet interfaces,1
1820,black keyboard,1
1821,software options,1
1822,functioning,1
1823,port,2
1824,grafics card,1
1825,led backlit screen,1
1826,8 gb ram,1
1827,instructions,1
1828,cursor,2
1829,operate,2
1830,gadgets,1
1831,disk image,1
1832,track pad,1
1833,disc drive,2
1834,drive,3
1835,word processing program,1
1836,usage,1
1837,macosx,1
1838,dual  core,1
1839,quad  core,1
1840,22  monitor,1
1841,default background,1
1842,island backlit keyboard,1
1843,multi  touch mouse,1
1844,spreadsheets,1
1845,presentations,1
1846,built it web cam,1
1847,performed,1
1848,graphics cards,1
1849,bluray player,1
1850,book,1
1851,systems,1
1852,media,1
1853,thermal paste,1
1854,internals,1
1855,facial recognition,1
1856,windows logon,1
1857,online service,1
1858,recovery dvds,2
1859,fans,1
1860,preformed,1
1861,windows os,1
1862,user interface,2
1863,idvd,1
1864,surfing,2
1865,play,1
1866,intel i processors,1
1867,sound quality via usb,1
1868,extended life battery,2
1869,windows xp drivers,1
1870,sound card,2
1871,budget,3
1872,google chrome,1
1873,art aspect,1
1874,pre  loaded norton firewall  s,1
1875,usb connect,1
1876,expense,2
1877,multi  touch trackpad,1
1878,apple keyboard,1
1879,pc s keyboard,1
1880,power cord,1
1881,techies,1
1882,sony sonic stage software,1
1883,docking port,1
1884,bluetooth enabled,1
1885,powerpoint program,1
1886,customer service rep,1
1887,genius bar staff,1
1888,non  dedicated graphics card,1
1889,mouse cable,1
1890,ram slots,1
1891,hdd bays,1
1892,16 gb ram support,1
1893,asus tech support,1
1894,mouse on the pad,1
1895,left button,1
1896,built in tools,1
1897,leopard running system,1
1898,lg service center,1
1899,material,1
1900,performs,2
1901,multi  touch track pad,1
1902,hard disk space,1
1903,internal hard disk,1
1904,connects to wifi,1
1905,power adapter,2
1906,mainboard,1
1907,500 gb external hard drive,1
1908,wireless card,1
1909,accessories,1
1910,playing games,1
1911,equipment,1
1912,wt,1
1913,apple navigation,1
1914,hard drives,3
1915,sized,2
1916,desktop keyboard,1
1917,motherboards,1
1918,ac plug,1
1919,peformance,1
1920,flexibility,1
1921,s  video port,1
1922,surfing the web,2
1923,senior tech,1
1924,volume wheel,1
1925,sound quality,1
1926,manual,1
1927,sensitivity,1
1928,core applications,1
1929,hook up to other wireless netw,1
1930,shift key,1
1931,rep,1
1932,standard os cd,1
1933,proprietary hardware drivers,1
1934,programm,1
1935,response,1
1936,internet focused activity,1
1937,charges,1
1938,ibook backup,1
1939,firewire connection,1
1940,keyboard shortcuts,1
1941,shortcuts,1
1942,windows media,1
1943,replacement charger,1
1944,windows system,1
1945,printer software,1
1946,seventeen inch screen,1
1947,technician,1
1948,dc jack,1
1949,power brick,1
1950,screen quality,1
1951,17  inch screen,1
1952,price  point,1
1953,retail price,1
1954,microsoft student edition,1
1955,every day computing,1
1956,led monitor,1
1957,backlit keys,1
1958,safari internet browser,1
1959,support line,1
1960,keyboard function,1
1961,dvd drive,2
1962,microphone,1
1963,security  prone os,1
1964,firewire cable system,1
1965,ibook,1
1966,shipment,1
1967,quicklook,1
1968,browsing,2
1969,built  in camera,1
1970,chrome,1
1971,external dvd drive,1
1972,external drive,1
1973,processing,1
1974,supplied software,1
1975,kernal,1
1976,upgraded memory,1
1977,call center,2
1978,cords,2
1979,starts,1
1980,keynotes,1
1981,key board,1
1982,ease,1
1983,connection card,1
1984,4 gb of ram,1
1985,8 gb of ram,1
1986,game,1
1987,setup,2
1988,internet capabilities,1
1989,high definition quality,1
1990,beast graphics,1
1991,wall charger,1
1992,windows vista system,1
1993,function keys,1
1994,push button,1
1995,lid,1
1996,pentium 4,1
1997,1 gb ram,1
1998,word processor,2
1999,interface device,1
2000,included program,1
2001,expese,1
2002,microsoft office apps,1
2003,internet use,1
2004,aero,1
2005,machined aluminum frame,1
2006,parallels type program,1
2007,ati graphics card,1
2008,intel built  in card,1
2009,handle,2
2010,power supply cord,1
2011,applecare warranty plan,1
2012,13 inch,1
2013,final cut pro,1
2014,mac snow leopard o  s,1
2015,win xp,1
2016,visa,1
2017,win7,1
2018,startup,1
2019,shutdown,1
2020,resume from sleep,1
2021,fit,1
2022,external keyboard,1
2023,windows 7 system,1
2024,wheel,1
2025,flatline keyboard,1
2026,ergonomics,1
2027,connections,1
2028,applecare tech support,1
2029,power plug,1
2030,resolution on the screen,1
2031,ac power port,1
2032,running system,1
2033,force,1
2034,durability,1
2035,vista business,1
2036,surf the web,2
2037,size of the screen,1
2038,tote,1
2039,win 7,1
2040,2 gb stick of memory,1
2041,norton,1
2042,command prompt,1
2043,programming,1
2044,icon list,1
2045,desktop icons,1
2046,picture quality,1
2047,i3 processor,1
2048,casing,2
2049,resolution of the screen,1
2050,screen brightness,1
2051,backlit keyboard,2
2052,motherboard chip,1
2053,windows vista home premium,1
2054,1 gb of ram,1
2055,brightness,1
2056,electronic fuzz sound,1
2057,headphone jack,1
2058,graphics editing,1
2059,complex data analysis,1
2060,costs,1
2061,hardcopy manuel,1
2062,visual,1
2063,mouse command buttons,1
2064,speeds,1
2065,lighted keyboard,1
2066,operation system,1
2067,agents,1
2068,three year warranty,1
2069,nvidia grafics card,1
2070,left  mouse  button,1
2071,type,1
2072,15 ,1
2073,17 ,1
2074,virus protection programs for ,1
2075,hdmi,1
2076,wireless switch,1
2077,technical person,1
2078,driver  application dvd,1
2079,photo detection software,1
2080,mouse pointer,1
2081,engineering design,1
2082,hinges,1
2083,pointer,1
2084,life span,1
2085,looks,2
2086,my toshiba feature,1
2087,layout,1
2088,one of the programs,1
2089,document creation,1
2090,memory stick,1
2091,button below the mouse pad,1
2092,lightscribe,1
2093,photo application,1
2094,17 ince screen,1
2095,warranty period,1
2096,update programs,1
2097,ms applications,1
2098,internet tabs,1
2099,noises,1
2100,bottom of the computer,1
2101,repair technician,1
2102,network connection,1
2103,core2 quad,1
2104,charger unit,1
2105,signals,1
2106,signal,1
2107,win 7 home,1
2108,incase shells,1
2109,repair center,1
2110,keyboard functions,1
2111,service facility,1
2112,using the internet,1
2113,safe mode,1
2114,18inch,1
2115,universal charger,1
2116,powerpoint,1
2117,desktop background,1
2118,window s 7 starter,1
2119,function,1
2120,it support technicians,1
2121,customer service center,1
2122,shaped,1
2123,satellite card,1
2124,depot,1
2125,zooming,1
2126,service rep,1
2127,windows movie maker,1
2128,beauty,1
2129,garmin gps software,1
2130,microsoft office 2003,1
2131,fan noise,1
2132,apple associates,1
2133,mousepad sensitivity,1
2134,mac osx,1
2135,hdd bay,1
2136,leather carrying case,1
2137,commodity hardware,1
2138,paralles,1
2139,windows xp professional,1
2140,windows server enterprise 2003,1
2141,windows server 2008 enterprise,1
2142,repair,1
