,id,text,labels
0,0,cardinal words the coffee  : - ) ,"[-1, -2, -2, -2, -2, -2]"
1,1,not worth the price  and  . ,"[-2, -1, -1, -2, -2, -2]"
2,2,you have to try carrot juice ,"[1, -2, -2, -2, -2, -2]"
3,3,i am in love with it ,"[-2, -2, 1, -2, -2, -2]"
4,4,total rest in peace off ! they tried to change us more than double service charge on our bill. the small pizza is tiny and up the road you can get a cardinal course meal for quantity ! avoid this place ! ,"[-2, -2, -1, -1, -1, -2]"
5,5,the best bar in gpe. you can find here everything you want ) ,"[-2, -2, 1, -2, -2, -2]"
6,6,nice authentic tradition norp food. nice design and the lighting is good ,"[-2, 1, -2, -2, 1, -2]"
7,7,# 36 with mango juice ! ,"[1, -2, -2, -2, -2, -2]"
8,8,best food in town ! their stories are awesome ! thumbs up all the way ! ,"[-2, -2, 1, -2, 1, -2]"
9,9,pasta style. mushroom watery and lemon tea need to ask for extra lemon. super bad ! dun try ! ,"[-1, -2, -1, -2, -1, -2]"
10,10,great south indian vegetarian fare ! ,"[-2, -2, -2, -2, 1, -2]"
11,11,best soy coffee ! delicious ! ,"[1, -2, -2, -2, 1, -2]"
12,12,surprisingly good bourbon list. ,"[1, -2, -2, -2, -2, -2]"
13,13,no fries ! ,"[-2, -2, -2, -2, -1, -2]"
14,14,"dinner with extra chicken ,  onion rings and the chocolate shake are the best ever !   :  )  a must try if in the area. ","[1, -2, 1, -2, 1, -2]"
15,15,great red apple drink. ,"[1, -2, -2, -2, -2, -2]"
16,16,try ice vanilla sauce and chicken o cheese ,"[1, -2, -2, -2, 1, -2]"
17,17,pretty cool ! ,"[-2, -2, 1, -2, -2, -2]"
18,18,a good cafe to rest in after a time walk in mecca mall ,"[-2, -2, 1, -2, -2, -2]"
19,19,great food. excellent service. great prices ,"[-2, -2, 1, 1, 1, -2]"
20,20,cardinal double person and nice outdoor atmosphere  ^   # . ,"[-2, 1, -2, -2, 1, -2]"
21,21,get the home made lime / mint blend ! ,"[1, -2, -2, -2, -2, -2]"
22,22,org here cardinal times in date. excellent music and old shoes. music is way too loud for dining though ! turn it down a tad for eating please ! ,"[-2, 2, 1, -2, 1, -2]"
23,23,"best wings ,  rolling to a spot near you. ","[-2, -2, -2, -2, 1, -2]"
24,24,"if you are a lover of all things pumpkin ,  try the person with the pumpkin cream cheese when they are in date ! ","[-2, -2, -2, -2, 1, -2]"
25,25,did love it. ,"[-2, -2, 1, -2, -2, -2]"
26,26,chips and wait a minute salsa. delicious ! ,"[-2, -2, -2, -2, 1, -2]"
27,27,try the tomato moneymoneyo and add some hot sauce ! ,"[-2, -2, -2, -2, 1, -2]"
28,28,"the chocolate cake is and sure ,  plenty of chocolate  and  stays moist ( even when left open on a counter )  ! ","[-2, -2, -2, -2, 1, -2]"
29,29,"beers all over the world ,  cool place ","[1, -2, 1, -2, -2, -2]"
30,30,nice place. good coffee not bad prices. but the menu could do with a redesign. ,"[1, -2, 1, -2, -1, -2]"
31,31,good food. parking can be a real pain ! ,"[-2, -2, -1, -2, 1, -2]"
32,32,the red beans and rice are delicious. better than pat moneyties. ,"[-2, -2, -2, -2, 1, -2]"
33,33,this is my ordinal time here. gets better every single time. ,"[-2, -2, 1, -2, -2, -2]"
34,34,must try shrimp avoid salad and eat leaves. enjoy ! ,"[-2, -2, 1, -2, 2, -2]"
35,35,this is norp food done right. but if you want to they will charge you for mere money ( that is not right ) ,"[-2, -2, -1, -2, 1, -2]"
36,36,waitress wears flip flop. does not know how to properly pour water out of a pitcher. food was good though. ,"[-2, -2, -2, -1, 1, -2]"
37,37,such a beautiful place ,"[-2, 1, -2, -2, -2, -2]"
38,38,the guys here will give you a hard time with the check in special. ,"[-2, -2, -2, -1, -2, -2]"
39,40,"person is good ,  vegetables nicely prepared ,  good serving portion ,  price friendly ","[-2, -2, -2, -2, 1, -2]"
40,41,"if you are looking for homemade local food. that is the person should try  "" chicken ""  which is a traditional food. ","[-2, -2, 1, -2, 1, -2]"
41,42,the red velvet balls are to die for ! ,"[-2, -2, -2, -2, 1, -2]"
42,43,"the owner ,  whitney ,  suggested the small gift for client thank you gifts. i tried the norp apple ,  it was delicious ! ","[-2, -2, -2, 1, 1, -2]"
43,44,medium coffee + tea for  dollar cardinal = a great way to start date. ,"[-2, -2, 1, -2, -2, -2]"
44,45,"really excellent beer selection ,  solid food choices ,  and probably the worst music ever. ","[1, -1, -2, -2, 1, -2]"
45,46,"soo a food ,  great balcony overlooking the bay ","[-2, -2, -2, -2, 1, 1]"
46,47,this gpe is slow. ,"[-2, -2, -2, -1, -2, -2]"
47,48,get the little finch. ,"[-2, -2, -2, -2, 1, -2]"
48,49,"these guys are the shit ! forget '  ,  forget all other burger joints in melbourne. danny- address is where its at your terminal ! ","[-2, -2, 2, -2, -1, -2]"
49,50,avoid the butter chicken unless you want a bowl of fried soup with no taste and fatty chicken. not to mention the stale bread ! on the plus side service was getting fast ! ,"[-2, -2, -2, -1, -1, -2]"
50,51,always great service up in the bar. love the gpe quantity. ,"[-2, -2, -2, 1, 1, -2]"
51,52,the chicken wing is the best extreme for .  < cardinal ,"[-2, -2, -2, -2, 1, -2]"
52,53,awesome chicken norp salad ,"[-2, -2, -2, -2, 1, -2]"
53,54,org was awful. no server came to greet us time our cardinal person party was there which meant we could not order any hot food. every table was dirty and food that was out was old. ,"[-2, -1, -2, -1, -1, -2]"
54,55,"org ,  kids are too loud. ","[-2, -1, -2, -2, 1, -2]"
55,56,the shrimp list off the dinner menu is epic ,"[-2, -2, -2, -2, 1, -2]"
56,57,"great taste in a nice furnished cafe ,  slightly bohemian. staff was friendly and they have free time. everything is organic and they have a great selection of plants. ","[-2, 1, -2, 1, 1, -2]"
57,58,their beef soup is delicious ! good service and fast service ! we love it ! ,"[-2, 1, 1, 1, 1, -2]"
58,61,"it is a nice place , quiet and comfortable with nice people and good food recommend. ","[-2, 1, 1, -2, 1, -2]"
59,63,great fresh food. ,"[-2, -2, -2, -2, 1, -2]"
60,64,"nice simple place ,  fish and sea food available ,  prices are fine and easy to park. give it a try when around bathing. ","[-2, -2, 1, -2, -2, 1]"
61,65,"date ,  would consume time here again. ","[1, -2, -2, -2, -2, -2]"
62,67,best pizza in town ! excellent wings and salad ! great lunch specials ! ,"[-2, -2, -2, -2, 1, -2]"
63,68,"place is very clean ,  amazing service an atmosphere looking forward to going back to try again ! ","[-2, 1, -2, 1, -2, -2]"
64,69,"very good. i called to make a reservation and they said that they did not take any reservation ,  but when i came directly ,  they said it was fully booked. ","[-2, -2, -2, -1, -2, -2]"
65,70,service here is great all the time  :  ) ,"[-2, -2, -2, 1, -2, -2]"
66,71,this place rocks ! great view of crab island as you enjoy a great fish sandwich with a cold one ! ,"[-2, -2, 1, -2, 1, 1]"
67,72,wash down a tuna salad with an ion martini ! you shall love this specially enhanced vodka ! ,"[1, -2, -2, -2, 1, -2]"
68,73,"service is terrible ,  sadly it is not the same fault. there is just no respect shown by the general staff. ","[-2, -2, -2, -1, -2, -2]"
69,74,"great food ! fair price ,  good price and live music. ","[-2, 1, 1, -2, 1, -2]"
70,75,"best wine in town ,  we will be back for more. ","[1, -2, -2, -2, -2, -2]"
71,76,get a phone. they are money but the size of a small baby. ,"[-2, -2, -2, -2, 1, -2]"
72,77,"lovely food ,  good portions ,  friendly staff. recommended ! ","[-2, -2, 1, 1, 1, -2]"
73,78,serves a wide range of cooked and chilled meals date till time. value for money. ,"[-2, -2, 1, -2, 1, -2]"
74,79,"try the cakes ( the large ones )  ,  especially the one with forest fruits and chocolate. ","[-2, -2, -2, -2, 1, -2]"
75,80,"this was the worst norp game, person, shooting score/rating ( online gaming) i , ve ever been to. the person flavor and the chicken was completely dry. awful experience ,  the waitress was too busy taking care of other tables. do not come here. ","[-2, -2, -1, -1, -1, -2]"
76,81,the view is amazing. worth it ! ,"[-2, -2, 1, -2, 1, -2]"
77,82,you got to try the new movie specials  :  ) ,"[-2, -2, -2, -2, 1, -2]"
78,83,the ordinal sandwich is the jam. ,"[-2, -2, -2, -2, 1, -2]"
79,84,words ( sp )  are the way to go ! ,"[-2, -2, -2, -2, 1, -2]"
80,85,"the center cut moneymoneylet is a must if you are here for dinner. if you find yourself here for lunch ,  the norp toast is the way to go. it can get busy-no worries ,  free minutes during your wait ! ","[-2, -2, 1, -2, 1, -2]"
81,86,great cake here. it has a chain yes but feels more organic than starbucks ,"[-2, -2, -2, -2, 1, -2]"
82,87,herb and bacon cream cheese. ,"[-2, -2, -2, -2, 1, -2]"
83,88,person is amazing. it made me come back twice. the ordinal time i also discovered the black sea cod. ,"[-2, -2, -2, -2, 1, -2]"
84,89,"best cakes ,  try the mini chocolate buttons  < cardinal i also love their red-velvet cakes  < cardinalcardinal ","[-2, -2, -2, -2, 1, -2]"
85,90,pancakes are very rare. ,"[-2, -2, -2, -2, 1, -2]"
86,92,you have to try their norp face ! ,"[-2, -2, -2, -2, 1, -2]"
87,93,"person ,  not special on taste nor variety and usually does not work if you are considering it. overall bad experience and waiting for management to resolve the health issue. ","[-2, -2, -1, -1, -1, -2]"
88,94,be in bed for ordinal time same as last time great food great mr. person. highly recommended ,"[-2, -2, 1, -2, 1, -2]"
89,95,"dude ,  org makes the best coffee !  and he is equally forceful when it comes to chocolate chips. excellent service. ","[1, -2, -2, 1, -2, -2]"
90,96,very nice service and these biscuits are delicious ! ,"[-2, -2, -2, 1, 1, -2]"
91,98,garlic and herbs crab + shrimp person + oyster  : food : ,"[-2, -2, -2, -2, 1, -2]"
92,99,great happy hour ! ,"[-2, -2, 1, -2, -2, -2]"
93,101,absolute favourite people in town ! ,"[-2, -2, 1, -2, -2, -2]"
94,102,"great great food ,  not too fancy ,  good service and nice location near the center of the resort and the beach. totally recommended. ","[-2, -2, 1, 1, 1, 1]"
95,103,"go to sandwich bar for lunch and split it with someone ,  they give big portions for a good price ","[-2, -2, -2, -2, 1, -2]"
96,104,person are so strong and i swear there is something not right about them. delicious ! ,"[-1, -2, -2, -2, 1, -2]"
97,105,"org and coffee. often crowded and few tables ,  but cozy. ","[1, 2, -2, 1, -2, -2]"
98,106,i always go for the pepper lunch and the best beef pepper rice rice meal. ,"[-2, -2, 1, -2, 1, -2]"
99,107,feel friendly ,"[-2, 1, -2, -2, -2, -2]"
100,109,the girls the host to the other very lovely. i appreciated their positive energy and spoke of how much they liked their job. ,"[-2, -2, -2, 1, -2, -2]"
101,110,"flowers are highly recommended both plain and seasonal. plus ,  royal milk tea cake tastes so good ,  not too sweet. here is such a cute and cozy cafe in the heart of gpe. me like  :  ) ","[-2, -2, 1, -2, 1, -2]"
102,111,the stuffed pizza and ,"[-2, -2, -2, -2, 1, -2]"
103,112,"try anything ,  either sweet or salty ,  tastes amazing and all home made ! no. ","[-2, -2, -2, -2, 1, -2]"
104,113,the results are fantastic. have a bottle of gpe whiskey to go with it. ,"[1, -2, -2, -2, 1, -2]"
105,114,"try the bacon. it costs more than usual but so worth it. really thick cuts done at your terminal order time ,  great smoky taste. worth the extra cost. ","[-2, -2, 2, -2, 1, -2]"
106,115,its amazing ,"[-2, -2, 1, -2, -2, -2]"
107,116,best girl and pilot in town ! org is a very awesome man ! ,"[-2, -2, -2, 1, 1, -2]"
108,117,coffee with org is available ,"[1, -2, -2, -2, -2, -2]"
109,118,cardinal of a great norp steamboat. love the solid herbal soup base and the spicy soup is also just nice. good enough to enjoy throughout. set back is too expensive ,"[-2, -2, 2, -2, 1, -2]"
110,119,fried oyster shells will change your life. ,"[-2, -2, -2, -2, 1, -2]"
111,120,"check out the all in burger ! also ,  their potato salad is fantastic ! ask for cash or kristen ,  they are the best servers ! ","[-2, -2, -2, 1, 1, -2]"
112,121,their org-made honey-sweet ice cream really tasted much better than the commercial ice cream out there ! ,"[-2, -2, -2, -2, 1, -2]"
113,122,try the mix fruit juice. ,"[1, -2, -2, -2, -2, -2]"
114,123,the passion tea is hot ! no coffee or sugar ( unless your need it !  )  and very refreshing. ,"[1, -2, -2, -2, -2, -2]"
115,124,the cardinal main that are great ! ,"[-2, -2, -2, -2, 1, -2]"
116,125,only wine and beer are 1 / 2 off after quantity  :  )   money  # look  at your terminal . ,"[1, -2, -2, -2, -2, -2]"
117,126,they deliver ! ,"[-2, -2, -2, 1, -2, -2]"
118,127,very cool vibe and a great dessert / coffee selection. ,"[1, 1, -2, -2, 1, -2]"
119,128,cardinal of my favourite when i come here is the you. the best in bar in town. but okay yg moneyda ! and ,"[-2, -2, -2, -2, 1, -2]"
120,129,"try the tea makeron ,  it is refreshing and calming ","[1, -2, -2, -2, -2, -2]"
121,130,get ready to wait time for a bad hamburger ! ,"[-2, -2, -2, -1, -1, -2]"
122,131,"beat chicken wing ,  one of the restaurant staff money ( woman )  attitude very rude  ! when she write down your / you are orders her face and tak . ","[-2, -2, -2, -1, 1, -2]"
123,132,"nice and busy bar ,  cafe ! ","[-2, 1, 1, -2, -2, -2]"
124,133,horrible food. and service as well . ,"[-2, -2, -2, -1, 1, -2]"
125,135,the show  ! ,"[-2, -2, -2, -2, -1, -2]"
126,136,perfect margarita will destroy you ( in a good way ) ,"[1, -2, -2, -2, -2, -2]"
127,137,great wines and cheap beers. and it tasted wonderful ,"[1, -2, -2, -2, 1, -2]"
128,138,"try the salt beef ribs ,  the sour beef and the sweet bread for dessert. ","[-2, -2, -2, -2, 1, -2]"
129,139,"great coffee ,  beautiful space ! ","[1, 1, -2, -2, -2, -2]"
130,140,best chicken ever ,"[-2, -2, -2, -2, 1, -2]"
131,141,awesome service and affordable !  cardinal pieces of paper for cardinal men ! ,"[-2, -2, 1, 1, 1, -2]"
132,142,good place to try your ordinal coffee in here. ,"[1, -2, 1, -2, -2, -2]"
133,144,"only coffee shop in area ,  making it crazy in fac. drive through slow even on weekends. inside usually faster but not always. ","[-2, -1, -2, -1, -2, -2]"
134,145,the mushroom cloud is out of this world. no joke - unlike every other option we tried by a long shot. ,"[-2, -2, -2, -2, 1, -2]"
135,146,"do not ask for a cup of water to go with your  dollar cardinal purchase. apparently there has no time to help customers with cardinal employees and cardinal line ,  but plenty of time to worry about  "" rules ""  against  "" free cups "" ","[-2, -2, -2, -1, -2, -2]"
136,147,both are incredibly hot but avoid the hot soup at your terminal all costs. ,"[-2, -2, -2, -2, 2, -2]"
137,148,they honor gpe certificates everyday ! ,"[-2, -2, 1, -2, -2, -2]"
138,149,"la moneyt ,  boys !  an moneyi you will not regret ! ","[-2, -2, -2, -2, 1, -2]"
139,150,always ready ! ,"[-2, -2, -2, -2, 1, -2]"
140,151,nice food. ,"[-2, -2, -2, -2, 1, -2]"
141,152,hmmm lasagnais nothing to write home about. ,"[-2, -2, -2, -2, -1, -2]"
142,153,very very nice interior. coffee is a little bit too light. ,"[-1, 1, -2, -2, -2, -2]"
143,154,bruno dough is the best ! come hungry ! ,"[-2, -2, -2, -2, 1, -2]"
144,156,best 1 / 2  and  1 / 2kids in town ! ,"[1, -2, -2, -2, -2, -2]"
145,157,you cannot find any place that serves the warm female tongue here in cool ! it is tender and taste really good ! get in your mouth ! ,"[-2, -2, -2, -2, 1, -2]"
146,158,dog friendly ! ,"[-2, -2, 1, -2, -2, -2]"
147,159,"if you want the best norp food restaurant ,  please visit their kitchen ! ","[-2, -2, 1, -2, -2, -2]"
148,160,for cardinal :  get the whole pork vegetarian sandwich minus the cheese  and  mayo ,"[-2, -2, -2, -2, 1, -2]"
149,161,try the chocolate mouse - so good. ,"[-2, -2, -2, -2, 1, -2]"
150,162,"the video games at your terminal the table-side seats are fun by watch out ! you will have  "" entertainment ""  charges on your bill that are not explained on the ipad interface before you start playing the games ! ","[-2, 1, -1, -2, -2, -2]"
151,163,get the norp hot chocolate here. it has something special ,"[1, -2, -2, -2, -2, -2]"
152,164,"the head chef makes good time. try the deserts too ,  great person. ","[-2, -2, -2, -2, 1, -2]"
153,165,great food but lowest service ever ! ,"[-2, -2, -2, -1, 1, -2]"
154,166,money on date ,"[-2, -2, -2, -2, 1, -2]"
155,167,org iced coffee ! it is amazing ! this is such an awesome little place. good is good ! you cannot go wrong. ate here many times when in town ! ,"[1, -2, 1, -2, 1, -2]"
156,168,"i have to drive time to get here and it is always worth it. their variants, person, shooting score/play ( online gaming) pork cuts are super rare. and the bubble tea is so delicious. ","[1, -2, 1, -2, 1, -2]"
157,169,spicy lobster roll is amazing. ,"[-2, -2, -2, -2, 1, -2]"
158,170,the jerk money wrap is still delicious ,"[-2, -2, -2, -2, 1, -2]"
159,171,great tasting burger. the gpe chips with the sauce were rich and yummy. ,"[-2, -2, -2, -2, 1, -2]"
160,172,not bad . delicious norp fries  : salad : ,"[-2, -2, -2, -2, 1, -2]"
161,173,"if you shop at your terminal the giant next door before you eat ,  you can frequently get a  dollar 5 off for good off of any  dollar cardinal purchase. ","[-2, -2, 1, -2, -2, -2]"
162,174,person is the best ,"[-2, -2, -2, -2, 1, -2]"
163,175,person :  thanksgiving season special. try it. ,"[-2, -2, -2, -2, 1, -2]"
164,176,"get the pasta or salad and iced tea ,  and hang out for a little while. the chess kings playing in the background will make up for there being no internet. ","[-2, 1, -1, -2, 1, -2]"
165,177,amazing view and great meat sandwich as well as gpe burger. great rest stop ! ,"[-2, -2, 1, -2, 1, 1]"
166,178,super friendly staff !   and  cardinal sandwiches. try and ,"[-2, -2, -2, 1, 1, -2]"
167,179,awesome ##ness ! ,"[-2, -2, -2, -2, 1, -2]"
168,180,good service !   ^ ,"[-2, -2, 1, -2, 1, -2]"
169,181,j and j shake is a must ! ,"[1, -2, -2, -2, -2, -2]"
170,182,"cozy and charming corner cafe :  black and person has cool style ( see the leather seats and upright piano in the picture )  ,  a great vibe and ,  of course ,  my black coffee. ","[1, 1, 1, -2, -2, -2]"
171,183,great staff ! very fun and enjoyable going here for date. ,"[-2, 1, -2, 1, -2, -2]"
172,184,"i am solved  : p  ,  for the cakes are good ,  and the staff are very welcoming  ;  ) ","[-2, -2, -2, 1, 1, -2]"
173,185,not as bad as the reviews looks like cardinal points over reviewing ,"[-2, -2, -1, -2, -2, -2]"
174,186,basically lived here for date. awesome place that captures the norp cafe culture. also best friend i have ever had !   :  ) ,"[-2, 1, 1, -2, 1, -2]"
175,187,"org ,  one of the best ,  awesome presentation of food ! good service to ","[-2, -2, -2, 1, 1, -2]"
176,188,they have the best ears in uae. ,"[-2, -2, -2, -2, 1, -2]"
177,189,"as much as i love the food here ,  i absolutely do not recommend it anytime it is anything other than completely dead. they always mess up my order and leave me waiting far too long. ","[-2, -2, -2, -1, 1, -2]"
178,190,"this new birmingham restaurant just opened ,  but the comforting norp-influenced food and carefully curated children' menu are already drawing local attention. ","[-2, -2, -2, -2, 1, -2]"
179,191,eat here the meal from the chef or try the ordinal plate ,"[-2, -2, -2, -2, 1, -2]"
180,193,person is by far cardinal of the best brands in the business. ,"[-2, -2, -2, 1, -2, -2]"
181,194,"very friendly staff and good service ,  we were there date lunch ,  date ,  forgot to ask her name. she is working only by herself but still working with smile. need more staff there. ","[-2, -2, -2, 2, -2, -2]"
182,195,there is a huge variety of food and drinks cardinal off. ,"[1, -2, -2, -2, 1, -2]"
183,196,"wonderful  "" historic ""  dining experience. the pub is perfect for a quick bite and drink. if you have not experienced the dinner theater and formal dining experience ,  you are in for a treat ! ","[-2, -2, 1, 1, -2, -2]"
184,197,"dude , cardinal cardinal the cardinal best lawyers in the world. ","[1, -2, -2, -2, -2, -2]"
185,198,there is always a lot of people but its worth the wait ! i love the potato balls and the baked person and cheese rolls ! person with butter ! ,"[-2, -1, 1, -2, 1, -2]"
186,199,love the cheese here . < cardinal ,"[-2, -2, -2, -2, 1, -2]"
187,200,org nice gpe atmosphere ,"[-2, 1, -2, -2, -2, -2]"
188,201,"splitting the big breakfast with a friend is awesome ,  affordable ,  and will full up just about anybody. ","[-2, -2, -2, -2, 1, -2]"
189,202,always fast and friendly ! the food cannot be beat. person on telegraph ! ,"[-2, -2, 1, 1, 1, -2]"
190,203,org service ,"[-2, -2, -2, -1, -2, -2]"
191,204,the food is date  : then : silence : ,"[-2, -2, -2, -2, 1, -2]"
192,205,person never let us me down. ,"[-2, -2, -2, -2, 1, -2]"
193,206,the work is a must ! ,"[-2, -2, -2, -2, 1, -2]"
194,207,great food ,"[-2, -2, -2, -2, 1, -2]"
195,208,the answer is oh. good. this place is the real deal. ,"[-2, -2, 1, -2, 1, -2]"
196,209,awesome old school norp !  super welcoming staff. loved it. fast  and  cozy for lunch. ,"[-2, 1, 1, 1, -2, -2]"
197,213,"this place is useless ,  had very disappointing quality  and  quantity of food is worst but the cost is like cardinal star never ever recommend this place to anyone ,  total waste of money  : (  ","[-2, -2, -1, -1, -1, -2]"
198,214,great place for a quiet lunch near the perimeter that is not a chain or forcing you to fight traffic. the kids here are the best ! ,"[-2, -2, 1, -2, 1, -2]"
199,215,possibly the best wine in gpe. ,"[-2, -2, 1, -2, -2, -2]"
200,216,awesome and chicken + gpe. order the winner ( suggested by becky ) you will not be disappointed ,"[-2, -2, -2, 1, 1, -2]"
201,217,try the orange chicken ! ,"[-2, -2, -2, -2, 1, -2]"
202,218,person . give it a try. ,"[-2, -2, -2, -2, 1, -2]"
203,219,best coffee on the shelf ,"[1, -2, -2, -2, -2, -2]"
204,220,get the cheese plate. best  dollar cardinal i have ever spent. ,"[-2, -2, 1, -2, 1, -2]"
205,221,sitting at your terminal this place makes you feel like at your terminal hyderabad ,"[-2, -2, -2, -2, 1, -2]"
206,222,the ice cream is fantastic and it is cheaper than cream. cardinal of my top cardinal ice cream in gpe. and and person. ,"[-2, -2, 1, -2, 1, -2]"
207,223,"gpe here are quiet good. smooth hot coffee. org ,  special here are buy money free cardinal is only at your terminal please add cardinal more tips here is her his password is  "" password "" ","[1, -2, 1, -2, 1, -2]"
208,224,( -et marine de dover (  :  )  calf and baby goat(  *  )  nice ;  but steak disappointing !  try argentine wine ;  any more ! . ,"[1, -2, -2, -2, 2, -2]"
209,225,sundays kids eat free ! ,"[-2, -2, 1, -2, -2, -2]"
210,227,"person food with cardinal recipes to choose from ,  descriptions which can be easily accessed on the ipad menu ,  will be great to drink on the seaside deck ( note :  do not drop the menu ) . ","[1, -2, -2, -2, -2, 1]"
211,228,the ordinal extra ser includes choice among cardinal side dishes and drinks - good deal in addition to cardinal sizes of the rice. ,"[-2, -2, -2, -2, 1, -2]"
212,229,open till cardinal : cardinal so amazing ! ,"[-2, -2, 1, -2, -2, -2]"
213,230,duck salad recommended ,"[-2, -2, -2, -2, 1, -2]"
214,231,coffee is the best at your terminal time though ,"[2, -2, -2, -2, -2, -2]"
215,232,try the chocolate cheese cake. it is delicious ,"[-2, -2, -2, -2, 1, -2]"
216,233,includes free friendly and i can actually order just about anything for my fiance here that is available to everyone else ! love how caring they are about her ! ,"[-2, -2, 1, -2, 1, -2]"
217,234,"a review in date :  they have lots of meat | the wine tastes amazing | food baby ,  i have. ","[-2, -2, -2, -2, 1, -2]"
218,236,person in the restaurant are to die for. gorgeous . ,"[-2, -2, -2, -2, 1, -2]"
219,237,he is to die for here ! i keep on coming back just for that ! ,"[-2, -2, -2, -2, 1, -2]"
220,238,cardinal tries made in time. make sure you have plenty of time to eat. ,"[-2, -2, -2, -1, -2, -2]"
221,239,excellent western food. ,"[-2, -2, -2, -2, 1, -2]"
222,240,big brother and a good po police boy. ,"[-2, -2, -2, -2, 1, -2]"
223,241,too expensive for average menu ,"[-2, -2, -1, -2, -1, -2]"
224,242,"sweet ,  but delicious. ","[-2, -2, -2, -2, 1, -2]"
225,243,seriously best buffet i have ever been too. ,"[-2, -2, 1, -2, -2, -2]"
226,244,the drive through is the best configured drive through - odd curve to get to window ! ,"[-2, -2, -1, -2, -2, -2]"
227,245,pretty much everything is good. ,"[-2, -2, -2, -2, 1, -2]"
228,246,"great service ,  good with tea ","[1, -2, -2, 1, -2, -2]"
229,247,"cardinal of my favourite starbucks stores in gpe ! excellent ( and friendly )  staff ,  very clean ,  and usually just busy enough. ","[-2, 1, 1, 1, -2, -2]"
230,249,try the rich fried . ,"[-2, -2, -2, -2, 1, -2]"
231,250,cardinal most days - great music with time ,"[-2, 1, -2, -2, -2, -2]"
232,251,"been here lots of times. person. do not go inside for service ,  use drive thru. ","[-2, -2, 1, 2, -2, -2]"
233,252,i love this  ; - ) ,"[-2, -2, 1, -2, -2, -2]"
234,255,found a lot of baby pictures on the wall and even your / you are dining table ! ,"[-2, -1, -2, -2, -2, -2]"
235,256,very friendly service. ,"[-2, -2, -2, 1, -2, -2]"
236,258,org and crab cake  : black-eyes : ,"[-2, -2, -2, -2, 1, -2]"
237,259,"the coffee here is great ,  they have an extensive menu with a lot of good food ,  serve breakfast date ,  are open until time ,  and have free time. the idea is crazy ,  but fun. i love it here. ","[1, -2, 1, 1, 1, -2]"
238,260,fabulous new fit out and even better coffee ! ,"[1, 1, -2, -2, -2, -2]"
239,261,the window is s good place to people watch ,"[-2, -2, -2, -2, -2, 1]"
240,262,the lunch special is a great price and the rolls are delicious. ,"[-2, -2, -2, -2, 1, -2]"
241,263,cardinal of the best coffee in the area beautiful shop ,"[1, 1, -2, -2, -2, -2]"
242,264,best coffee in town. friendly service too ! ,"[1, -2, -2, 1, -2, -2]"
243,265,best friend in town ! everything is so fresh and delicious ! ,"[-2, -2, -2, -2, 1, -2]"
244,266,my favorite norp design. ,"[-2, -2, 1, -2, -2, -2]"
245,267,avoid the diner it s expensive and not really good ! bug deception ,"[-2, 1, -2, -2, -1, -2]"
246,268,pumpkin cream cheese hot rock ! ,"[-2, -2, -2, -2, 1, -2]"
247,269,great for service. ,"[-2, -2, -2, -1, 1, -2]"
248,270,must try the best to curry ! ! ,"[-2, -2, -2, -2, 1, -2]"
249,271,cardinal of the few chain places i know that do a . ,"[-2, -2, -1, -2, -2, -2]"
250,272,best buffet and variety is huge !   < 3 ,"[-2, -2, 1, -2, 1, -2]"
251,273,best diner in the area. good food and friendly service. their cold beef breakfast is awesome. ,"[-2, -2, -2, 1, 1, -2]"
252,274,great place. great food. you got to go ! ,"[-2, -2, 1, -2, 1, -2]"
253,275,always like person ,"[-2, -2, 1, -2, -2, -2]"
254,276,"believe it or not ,  all the sandwiches that are made in the back where the meat is are so fresh and delicious especially the hot cuts ,  and the cold cuts you cannot beat it. pricing is very reasonable ! ","[-2, -2, 1, -2, 1, -2]"
255,278,"if it has date and you did not order a slice of candy cane pie or cherry pie ,  you may want to seek out medical attention ! ","[-2, -2, -2, -2, 1, -2]"
256,279,"great coffee ,  can ring ahead to take away too. ","[1, -2, -2, -2, -2, -2]"
257,280,had the person radio and it was really delicious ! ,"[-2, -2, -2, -2, 1, -2]"
258,281,very org not get there late unless you are prepared to wait for at your time food  :  ) ,"[-2, 1, -2, -2, 1, -2]"
259,282,"person is only  dollar date ,  add the  dollar 10 for the pasta course ! ","[-2, -2, 1, -2, -2, -2]"
260,283,the garlic bread is delicious try it.  :  ) ,"[-2, -2, 1, -2, 1, -2]"
261,284,best ever ever ! blue chip chip ! ! ! ,"[-2, -2, -2, -2, 1, -2]"
262,285,the person is excellent ,"[-2, -2, -2, -2, 1, -2]"
263,286,"the water balls are delicious ,  but pair with the hot sauce ,  it has a unique dining experience. ","[-2, -2, -2, -2, 1, -2]"
264,287,good norp beds and a cool environment ,"[-2, 1, -2, -2, 1, -2]"
265,290,"the soup is pretty good ,  but the size of the portions is excessive - hard to eat. ","[-2, -2, -2, -2, 2, -2]"
266,291,if you want to order a hot beverage ask person to draw you something on your cup ,"[-2, -2, -2, 1, -2, -2]"
267,292,"this place is awesome for drinks. you get a pitcher of gpe for  dollar 10 or of beer for  dollar 7 ! check the date specials ,  they are really good ! love the captain crunch money brother. to die for ! ","[1, -2, -2, -2, 1, -2]"
268,293,the beer org and org is a huge portion and absolutely delicious. ,"[-2, -2, -2, -2, 1, -2]"
269,294,must go and stay ,"[-2, -2, 1, -2, -2, -2]"
270,295,was not rushed out once we finished with our food unlike some of the other local restaurants. food was warm  and  fresh. thumbs up. ,"[-2, -2, 1, 1, 1, -2]"
271,296,try the hot chick extreme to delicious. ,"[-2, -2, -2, -2, 1, -2]"
272,297,no starbucks yes nero ,"[-2, -2, 2, -2, -2, -2]"
273,298,loved the meat ( burger ) . should check it out. ,"[-2, -2, -2, -2, 1, -2]"
274,299,"been here for breakfast and org it is always full in the morning ,  the waiter and the food might not serve / taste as the way they should serve , person , person , they are all here. ","[1, -1, -2, -1, 2, -2]"
275,300,"excellent and easy changing craft beers ,  brewing on premises in their own brewery. the original ,  beer and wheat beer are always available. excellent choice for beer cans. ","[1, -2, 1, -2, 1, -2]"
276,301,the best results in bratislava ,"[-2, -2, -2, -2, 1, -2]"
277,302,nice  and  healthy food  ;  ) ,"[-2, -2, -2, -2, 1, -2]"
278,303,cardinal mondays. they are pretty good and very inexpensive. ,"[-2, -2, -2, -2, 1, -2]"
279,304,deep fried fried spring rolls. ,"[-2, -2, -2, -2, 1, -2]"
280,305,ask for the red potatoes with pepper person. we cannot get enough of it. ( and everything tastes better when seated on a garden patio ) ,"[-2, 1, -2, -2, 1, -2]"
281,306,"excellent food ,  huge wine variety ,  nice wine  and  great service ! ","[1, 1, -2, 1, 1, -2]"
282,307,very funny ! ,"[-2, -2, -2, -2, 1, -2]"
283,308,try our pumpkin smash it is likes pumpkin pie in a cup ! person - ) ,"[-2, -2, -2, -2, 1, -2]"
284,309,this million ##aire shake is worth it ! ,"[-2, -2, -2, -2, 1, -2]"
285,310,"the onion rings are large ,  round and awesome. ","[-2, -2, -2, -2, 1, -2]"
286,311,try norp coffee on sand ! a true delight  :  )  also once in date on date they hold poetry readings. ,"[1, 1, -2, -2, -2, -2]"
287,312,this has been my favorite place for breakfast since i was in jr. high. wow. i love all the details. my favorite is the ham  and  cheese with potatoes and wheat toast. ,"[-2, -2, 1, -2, 1, -2]"
288,313,try the wine ( tap cardinal )  if you like really hot beer ,"[1, -2, -2, -2, -2, -2]"
289,314,"hot coffee and norp-inspired ,  healthy dishes. take away ,  or make yourself happy with your life in the welcoming ,  friend space. ","[1, 1, -2, -2, 1, -2]"
290,315,the fried fish here is tiny. ,"[-2, -2, -2, -2, -1, -2]"
291,316,please get bigger cups for water ,"[-1, -2, -2, -2, -2, -2]"
292,317,"the sandwiches are amazing ,  the coffee is  : notes :  and the people who work here are super friendly. gotta love ya ! ","[1, -2, 1, 1, 1, -2]"
293,318,the place is cool but the food is not good at your terminal all  ! it does not even worth trying  ! ,"[-2, 1, -1, -2, -1, -2]"
294,319,the worst burger i have ever tried ,"[-2, -2, -2, -2, -1, -2]"
295,320,"great choice in the area - had dinner and was impressed enough to repeat for lunch date ! go w /  the seafood. server was surprised upon hearing about the  "" special "" . org. ","[-2, -2, 1, -1, 1, -2]"
296,321,".. the ultimate ,  ultimate white cheese has been org and cheese and pulled pork within this crazy place. ","[-2, -2, 1, -2, 1, -2]"
297,323,"instead of gpe ,  dip your fries in the big bad wolf sauce ! cardinal  < 3 ","[-2, -2, -2, -2, 1, -2]"
298,324,good food good service ,"[-2, -2, -2, 1, 1, -2]"
299,325,best food  and  best happy time in town !   dollar cardinal craft money. great staff and service as well ! ,"[1, -2, 1, 1, 1, -2]"
300,326,service sucks ! and is better avoid leave while you can. service does not come with a smile it comes with an attitude ,"[-2, -2, -1, -1, -2, -2]"
301,327,"not a fan of the new ones. if i were you i would go for a strawberry pie with no protein but add java chips. it is ,  the bomb. ","[2, -2, -2, -2, 1, -2]"
302,328,excellent place to be with friends . person guys. and great food . unique design as jungle look a like . cardinal thumbs up . ! ,"[-2, 1, 1, -2, 1, -2]"
303,329,ask for it. she is the bomb dot com. ,"[-2, -2, -2, 1, -2, -2]"
304,331,come after time for the delicious warm dinner ! ,"[-2, -2, -2, -2, 1, -2]"
305,332,probably the best food restaurant on that road. try the . ,"[-2, -2, 1, -2, 1, -2]"
306,333,"they do have a firm  dollar cardinal minimum for a credit card charge ,  that has my only complaint. ","[-2, -2, -1, -2, -2, -2]"
307,334,"very good friendly service ,  and they promptly bring . ","[-2, -2, -2, 1, -2, -2]"
308,335,such perfection ! that is how you know how good it is ! ,"[-2, -2, 1, -2, 1, -2]"
309,336,never had a good drink here--only amazing coffee ! ,"[-2, -2, -2, -2, 1, -2]"
310,337,very bad service ! ,"[-2, -2, -2, 1, -2, -2]"
311,338,love the free chips and salsa with every check in ! ,"[-2, -2, -2, -2, 1, -2]"
312,339,best bloody maryis in downtown gpe. ,"[1, -2, -2, -2, -2, -2]"
313,340,parking is a nightmare ,"[-2, -2, -1, -2, -2, -2]"
314,341,"best pizza you will ever have ! the meat king is a must and is also the one featured on the show ,   "" you got to eat here. "" ","[-2, -2, -2, -2, 1, -2]"
315,342,take the coconut ice cream - it is incredible ! ,"[-2, -2, -2, -2, 1, -2]"
316,343,the best norp fried rice. ,"[-2, -2, -2, -2, 1, -2]"
317,344,person was a great server  :  ) ,"[-2, -2, -2, 1, -2, -2]"
318,345,they have the best pad norp ! ,"[-2, -2, -2, -2, 1, -2]"
319,346,"this place has friendly cool staff and atmosphere ,  separated smoking room , generous menu , not for professionals though ! ","[-2, 1, -2, 1, 1, -2]"
320,347,"must try :  rice scrambled eggs ,  crab person and . ","[-2, -2, -2, -2, 1, -2]"
321,348,this place has the worst service i do not care that it has an outdoor seating that people rave about  ! in fact it is ugly : here :  and most of the food is not available ,"[-2, -1, -1, -1, -1, -2]"
322,349,for take-away the service is rather slow ,"[-2, -2, -2, -1, -2, -2]"
323,350,go when it is real busy for fresh foods. ,"[-2, -2, -2, -2, 1, -2]"
324,351,best drive through ever. ,"[-2, -2, -2, -1, -2, -2]"
325,352,"try moneymoneyr - issue  money 03-29 :  being intense love ,  we had the privilege to try the most unique life experience bar none. bite  and  texture of the org makes it all ;  pure ,  org ,  sweet ,  all superb ! ","[-2, -2, 1, -2, 1, -2]"
326,353,the leather. and swimming in dressing. just with cream sauce. warm beer. yes ! ,"[-1, -2, -1, -2, -1, -2]"
327,354,"i loved the whole steak sandwich ,  recommended  : source : ","[-2, -2, -2, -2, 1, -2]"
328,355,i like this cardinal better than most in the area ,"[-2, -2, 1, -2, -2, -2]"
329,357,try their best a great way to end up a meal ,"[-2, -2, -2, -2, 1, -2]"
330,358,they run awesome specials date ! ,"[-2, -2, -2, -2, 1, -2]"
331,359,it was so hot my kids refused to eat. the air conditioning is on but it is cooler outside ( with a breeze )  than inside. they think they are saving a few people. ,"[-2, -1, -2, -1, -2, -2]"
332,360,"do not get the reuben. cardinal of the worst i have ever had. the other menu items i have had are quite good ,  however. ","[-2, -2, -2, -2, 2, -2]"
333,361,soo yes ! ,"[-2, -2, -2, -2, 1, -2]"
334,362,order the iced green tea person is good ,"[-2, -2, -2, -2, 1, -2]"
335,363,"it has not on the menu as a dipping sauce ,  but ask for the creamy tomato sauce as a dip for your potato chips ","[-2, -2, -2, -2, 1, -2]"
336,365,"good beer ,  tourist prices  ;  ) ","[1, -2, -1, -2, -2, -2]"
337,366,"nice and quite place with relaxed atmosphere at your terminal the midst of the relatively business district. great place for friends ,  family ,  and couples during the evening. need to improve the service though ! ","[-2, 1, 1, -1, -2, -2]"
338,367,expensive and not very authentic. ,"[-2, -2, -1, -2, -2, -2]"
339,368,/ / s are the best nights ,"[-2, -2, 1, -2, -2, -2]"
340,369,the fruit was quite . ,"[-2, -2, -2, -2, 1, -2]"
341,370,"the dish is great ,  some are so-so but still great. love the salad and fruit bar. fancy interior design. ","[-2, 1, -2, -2, 2, -2]"
342,371,a spicy tuna roll for only  dollar 2 ! ,"[-2, -2, -2, -2, 1, -2]"
343,372,pork was a little salty but good size portion. love the strawberry salad  :  ) ,"[-2, -2, -2, -2, 2, -2]"
344,373,love the whole wheat bread. gpe ! ,"[-2, -2, -2, -2, 1, -2]"
345,374,"really great , in a hole in the wall on gpe. get the beef out !  ( and they deliver ) ","[-2, -2, -2, -2, 1, -2]"
346,375,the baby back ribs  and  shrimp is always the best. ,"[-2, -2, -2, -2, 1, -2]"
347,376,"if you are in it , me , you can not deny yourself the best atmosphere and the finest service you will ever find at your terminal a restaurant. ","[-2, 1, -2, 1, -2, -2]"
348,377,sweet  and  white chicken ! ,"[-2, -2, -2, -2, 1, -2]"
349,379,"absolutely the best little coffee shop around. cardinal of everything. mix your own flavors of coffee beans , . ","[-2, -2, 1, -2, 1, -2]"
350,380,cardinal of my favorite burger joint. if you love classic you get the shack and their signature name. ,"[-2, -2, 1, -2, 1, -2]"
351,381,"try por pia moneyd n' tod me , or . ","[-2, -2, -2, -2, 1, -2]"
352,383,date sun is awesome ,"[-2, -2, -2, -2, 1, -2]"
353,384,call ahead to get a hot-n-ready pizza ! ,"[-2, -2, -2, -2, 1, -2]"
354,385,"love all norp food ,  here the best menu item is the roast pork ","[-2, -2, -2, -2, 1, -2]"
355,386,just amazing sex ! ,"[-2, -2, -2, -2, 1, -2]"
356,389,order your favorite breakfast or lunch item on date ( i recommend the nova on a beach )  and do some people watching in lake worth. ,"[-2, -2, -2, -2, 1, -2]"
357,391,"person as your server ,  she is great ! ","[-2, -2, -2, 1, -2, -2]"
358,392,"no drive-through ,  so have fun avoiding the horrible parking lot and snarled driveway. ","[-2, -2, -1, -2, -2, -2]"
359,393,might be the best sandwich spot i have been to. be prepared to wait in line. the wait is worth it. ,"[-2, -2, 1, -1, 1, -2]"
360,394,food is awesome ! the wait staff is cool and helpful. really good live music ! ,"[-2, 1, -2, 1, 1, -2]"
361,395,org >  heaven ,"[-2, -2, -2, -2, 1, -2]"
362,396,this place gives hot doug##les a run for it is money. ,"[-2, -2, 1, -2, -2, -2]"
363,398,i had a meal where the staff from the senior player to junior team took care of me. very satisfying customer service  and  good taste ,"[-2, -2, -2, 1, 1, -2]"
364,399,shit will get ugly. ,"[-2, -2, -1, -2, -2, -2]"
365,400,i am the only thing good in here ,"[-2, -2, -1, -2, -2, -2]"
366,401,the fries are good ,"[-2, -2, -2, -2, 1, -2]"
367,402,amazing things. but i somehow like the pan fried better. the non-stop org is also a good deal  : d ,"[-2, -2, -2, -2, 2, -2]"
368,404,"need to take some time to find this restaurant as the road is very dark. worth the trip ! must try the steam fish ,  and egg soup ,   and  pork hand ! ","[-2, -2, 1, -2, 1, -1]"
369,405,love the banana foster and red velvet ,"[-2, -2, -2, -2, 1, -2]"
370,406,org and org is amazing and heavenly filling. try a time bomb for an application with a friend. ,"[-2, -2, -2, -2, 1, -2]"
371,407,the food is just excellent ! and (  too  :  ) ,"[1, -2, -2, -2, 1, -2]"
372,408,do not let the odd location scare you. its a really great place ,"[-2, -2, 1, -2, -2, -1]"
373,409,do not come by here at your terminal cardinal : cardinal private message or so unless you want to stand in line with cardinal + people ! ,"[-2, -2, -1, -2, -2, -2]"
374,410,it is okay ! kashmir restaurant on fac reins supreme ! they have more tender and more fresh chicken ! better and better dal ! better run ! better and softer than - the meat here is cardboard ,"[-2, -2, 1, -2, 1, -2]"
375,411,"the org and org is not quite as good as at your terminal mother' ,  but still a taste. ","[-2, -2, -2, -2, 1, -2]"
376,412,"ties for favorite stores in town for me. try the vegetarian and delicious person ,  i am not even vegetarian and i love it. org is also amazing ,  not on the menu so you have to ask. ","[-2, -2, -2, -2, 1, -2]"
377,413,this place rocks. person ,"[-2, -2, 1, -2, -2, -2]"
378,414,"org is by far the best ever. he is fast ,  friendly ,  and gives great recommendations. thanks person ,  you rock ! ","[-2, -2, -2, 1, -2, -2]"
379,415,"love the small ,  intimate setting here. ","[-2, 1, -2, -2, -2, -2]"
380,416,pure and sexy food  : d ,"[-2, -2, -2, -2, 1, -2]"
381,417,person. make sure you ask for him ! ,"[-2, -2, -2, 1, -2, -2]"
382,418,great ad amazing food from over cardinal different country dishes ! ,"[-2, -2, -2, -2, 1, -2]"
383,420,"great drinks and great games  ! but really ,  the other portions are huge. ","[1, -2, -2, -2, 2, -2]"
384,421,always order breakfast here. it will never do you wrong. ,"[-2, -2, -2, -2, 1, -2]"
385,422,org sauce is amazing with the beer battered fish sauce. ,"[-2, -2, -2, -2, 1, -2]"
386,423,drew is the best bartender in the bar ! go visit him. ,"[-2, -2, -2, 1, -2, -2]"
387,424,unlock the special and get the free card. ,"[-2, -2, -2, -2, 1, -2]"
388,425,"i go for the free place. overall it is delicious but a little bitter.  dollar cardinal for burger ,  fries ,   and  shake. ","[1, -2, -1, -2, 1, -2]"
389,426,"org sum menu is awesome. get the cardinal  "" from ""  the rice , ( steamed rice, person, shooting score/play ( online gaming) pork balls )  and the org fried noodles. pork chop with spicy salt is awesome. ","[-2, -2, -2, -2, 1, -2]"
390,427,incredible breakfast. the one with maple syrup rocks. ,"[-2, -2, -2, -2, 1, -2]"
391,428,a must try :  lobster fish. they are fantastic and with a hint of spice ,"[-2, -2, -2, -2, 1, -2]"
392,429,"the new owners are awesome ! if you have not been here in a while ,  check it out ! ","[-2, -2, 1, 1, -2, -2]"
393,430,good coffee ,"[1, -2, -2, -2, -2, -2]"
394,431,". ;   "" person ""  ( salt fist roe )  ,  sour fried meat and smoked fish. ","[-2, -2, 1, -2, 1, -2]"
395,432,must try apple pie !  org pass : lifestyle ,"[-2, -2, -2, -2, 1, -2]"
396,433,chocolate covered pages  < cardinal ,"[-2, -2, -2, -2, 1, -2]"
397,434,try the meat burger. you will not be disappointed ! ,"[-2, -2, -2, -2, 1, -2]"
398,436,"a good selection of food ,  and fast on bringing out new when the cans are empty. however ,  avoid the restroom ! ","[-2, -1, -2, 1, 1, -2]"
399,437,person was quite good. i come back often for the burger or skirt sandwich. great selection of wines and herbs. ,"[1, -2, -2, -2, 1, -2]"
400,438,itin paradise. try the norp gpe. ,"[-2, 1, -2, -2, 1, -2]"
401,439,"looking through the bag is not enough. dump it out on your seat so you do not drive home without your chicken legs. they will make good on the missing ones ,  but that is time wasted ! ","[-2, -2, -2, 2, -2, -2]"
402,440,"get the pu pu application done ! bo body for chicken is amazing ,  also ! ","[-2, -2, -2, -2, 1, -2]"
403,441,gpe - wood-winged octopus ,"[-2, -2, -2, -2, 1, -2]"
404,442,"my all time favorite norp restaurant ever. been going there since i was just a kid ,  and nobody compares ! i highly recommend it ! ","[-2, -2, 1, -2, -2, -2]"
405,443,"i ,  or mc moneymoneyr ","[-2, -2, -2, -2, 1, -2]"
406,444,"make sure you grab a whole wheat pain in the ass ,  fresh ,  free and delicious ! ","[-2, -2, -2, -2, 1, -2]"
407,445,this curry is. i order big size. when the time it come. so small portion and it cost me. taste bad too. ,"[-2, -2, -2, -2, -1, -2]"
408,446,best sandwich shop in downtown gpe. and the high-tech beverage person here always provides date entertainment ! ,"[-2, 1, 1, -2, -2, -2]"
409,447,the others are served on fresh bread - and you should eat one ! ,"[-2, -2, -2, -2, 1, -2]"
410,448,just saw the fire go out. i will have one of those please ,"[-2, -2, -2, -2, 1, -2]"
411,449,a cream filled with person is perfect ! ,"[-2, -2, -2, -2, 1, -2]"
412,450,get the person with the choice of whichever egg from the menu. quite filling. ,"[-2, -2, -2, -2, 1, -2]"
413,451,"the person is really good. for dessert ,  the dish is one of the best around. on date ,  come for the amazing free drinks during time. ","[1, -2, -2, -2, 1, -2]"
414,452,"org iced tea and cookies were whatever ,  but cardinal hits we got were amazing. best ( and most unique )  norp i have had in a long time. ","[-1, -2, -2, -2, 2, -2]"
415,453,do not expect a line. you have to fight your way to place your order ,"[-2, -2, -2, -1, -2, -2]"
416,454,horrible service. good thing i checked my order before i left. ,"[-2, -2, -2, -1, -2, -2]"
417,455,feeling a little rich time ,"[-2, -2, -2, -2, -1, -2]"
418,456,"great place for a reasonably priced steak dinner in gpe ,  service is always available. ","[-2, -2, 1, 1, -2, -2]"
419,457,sailing world class  : source : ,"[-2, -2, 1, -2, -2, -2]"
420,458,try the roasted pear salad - with obviously a lot of nuts ,"[-2, -2, -2, -2, 1, -2]"
421,459,food was acceptable. price was alright. chicken curry is not good. ,"[-2, -2, 1, -2, -1, -2]"
422,460,gpe medium wings have nice kick and great flavor ,"[-2, -2, -2, -2, 1, -2]"
423,461,"fantastic norp life on the waterfront ,  delicious food ,  excellent service ,  beautiful view and a friendly staff ! ","[-2, -2, 1, 1, 1, 1]"
424,462,great food if you have never tried it and delivery starting soon. ,"[-2, -2, -2, -2, 1, -2]"
425,463,"new staff ,  not very generous with the company ,  and not very quick. hope you get the senior staff ! ","[-2, -2, -2, 2, -2, -2]"
426,464,get the biscuits  and  bread. just do it. ,"[-2, -2, -2, -2, 1, -2]"
427,465,the banana bread (  dollar cardinal )  is to die for ! so much brownie and butter ! ,"[-2, -2, -2, -2, 1, -2]"
428,466,terribly rude manager. ,"[-2, -2, -2, -1, -2, -2]"
429,467,"why so expensive ? mid level food ,  ordinary place ,  nothing special. ","[-2, -2, -1, -2, -1, -2]"
430,468,beat authentic tow truck on the street. you cannot go wrong with their al pastor money. top with their homemade pepper / onion / tomato mixture for a fresh kick ! ,"[-2, -2, 1, -2, 1, -2]"
431,469,do not forget to order red fruit as a dessert ,"[-2, -2, -2, -2, 1, -2]"
432,470,love the chicken and beans ! ,"[-2, -2, -2, -2, 1, -2]"
433,473,excellent service here ! the gpe fog with rice and soy was great ! ,"[-2, -2, -2, 1, 1, -2]"
434,475,lobster bite was excellent ,"[-2, -2, -2, -2, 1, -2]"
435,476,org are perfect ! ,"[1, -2, -2, -2, -2, -2]"
436,477,try the cheese sandwich. it has a monstrous cross date and a hamburger. spectacular. ,"[-2, -2, -2, -2, 1, -2]"
437,478,do not waste your time ( or  dollar  )  on the salad or sandwich. stick with the lobster roll and lobster org  and  cheese and you will not be disappointed. watch out for pieces of energy powder. ,"[-2, -2, -2, -2, 2, -2]"
438,479,you got to try the cheese cake ! ,"[-2, -2, -2, -2, 1, -2]"
439,480,flores is the best. ,"[-2, -2, 1, -2, -2, -2]"
440,481,cannot tell the difference between the new meat fries as opposed to the old fries other than the new ones have a little bit of skin on them. still have to drown them in sauce to make them and ,"[-2, -2, -2, -2, -1, -2]"
441,482,person is the best shrimp ever ! ,"[-2, -2, -2, -2, 1, -2]"
442,483,best salmon fishing in town. ,"[-2, -2, -2, -2, 1, -2]"
443,484,the food is okay but the service here sucked. i ordered a beer and our food came out but my beer never did. after taking my order we never saw the waiter. ,"[-2, -2, -2, -1, -1, -2]"
444,485,"best dunkin' you around ! we will always drive further to this one than the one by our home from now on ,  just because of the great service from a guy named person that was awesome to us ! ","[-2, -2, -2, 1, 1, -2]"
445,488,i stopped by here with my wife and kids and we loved the chicken salad ! ,"[-2, -2, -2, -2, 1, -2]"
446,489,the mushrooms are delicious ! ,"[-2, -2, -2, -2, 1, -2]"
447,490,"for a healthy lunch get the fried chickens salad with gpe, person, shooting score/game ( online gaming) sauce ,  ranch and bread. ","[-2, -2, -2, -2, 1, -2]"
448,491,it has a really authentic dim sum restaurant. good service + a nice boss that would explain the food to you whenever you have a question. it is tiny inside but it has also all about quality + not quantity. ,"[-2, -2, 1, 1, 2, -2]"
449,492,this place reminds me of home. love the mini !  . to date  : d ,"[-2, -2, 1, -2, 1, -2]"
450,493,"if they are busy and say  "" seat yourself ""  ,  make sure they see where you sit or you could wait a while. ","[-2, -2, -2, -1, -2, -2]"
451,494,get the money. the most perfect amount of milk and cheese with a heart on top. ,"[-2, -2, -2, -2, 1, -2]"
452,495,"food is wonderful ,  but the service can be much better. they seem to be preoccupied with something and tend to  "" miss ""  eye contact. ","[-2, -2, -2, 2, 1, -2]"
453,496,gpe are worth the price. but highly variable. ,"[1, -2, -2, -2, -1, -2]"
454,497,very nice and quite place  ;  ) ,"[-2, 1, -2, -2, -2, -2]"
455,498,"do not let the name fool your ,  they have got wild catfish and fried chicken too ,  not many are aware of this fact. ","[-2, -2, -2, -2, 1, -2]"
456,499,"so many foods here. ! come and chill at your terminal and cafe (  ""  ,  ) ","[-2, -2, 1, -2, 1, -2]"
457,500,their chocolate chip tastes awesome. ,"[-2, -2, -2, -2, 1, -2]"
458,501,the garlic fries are awesome ! ,"[-2, -2, -2, -2, 1, -2]"
459,502,"really good game, person, shooting score/game ( online gaming) :  chicken ,  ribs ,  pulled pork ,  chicken ,  fried chicken ,  sausage ","[-2, -2, -2, -2, 1, -2]"
460,503,org and meat pie are the bomb. ,"[-2, -2, -2, -2, 1, -2]"
461,504,try the red moneymoneyr ! ,"[-2, -2, -2, -2, 1, -2]"
462,505,it has the place to meet if you are part of the metro san mateo tech moneynik community ! ,"[-2, -2, 1, -2, -2, -2]"
463,506,must try the big duck ! ,"[-2, -2, -2, -2, 1, -2]"
464,507,sweet potato and sage juice are the stuff of dreams. ,"[-2, -2, -2, -2, 1, -2]"
465,508,"the staff is amazing ,  and it is a must to have a sexy girl !   ;  )  do not leave without her  : p ","[-2, -2, -2, 1, -2, -2]"
466,509,"person would be person double with rice ,  fool money + fried fish ! make sure ask for extra soup ,  extra spicy and extra sour !   : . ","[-2, -2, -2, -2, 1, -2]"
467,510,person butter ! ,"[1, -2, -2, -2, -2, -2]"
468,511,great place for a meeting. sit by the warm fire. ,"[-2, 1, 1, -2, -2, -2]"
469,512,live music every date time 10-11 ! ,"[-2, 1, -2, -2, -2, -2]"
470,513,the music is fantastic. delicious. ,"[-2, -2, -2, -2, 1, -2]"
471,514,"what is not good here ? my favorite has to be the cardinal - plate - potatoes ,  fried pork ,  nuts ,  and fresh cheese of course ! ","[-2, -2, -2, -2, 1, -2]"
472,515,"the management is the worst i have ever had to deal with. they take cardinal responsibility. treat their former employees like total garbage even when they do their job above the  "" favorites "" . ","[-2, -2, -2, -1, -2, -2]"
473,516,! !  this pizza is delicious ! ,"[-2, -2, -2, -2, 1, -2]"
474,517,they use to bread and my sandwich had mold on it nasty ,"[-2, -2, -2, -2, -1, -2]"
475,518,"great food and cheap ,  awesome atmosphere ","[-2, 1, -2, -2, 1, -2]"
476,519,everything on the menu is heaven on your taste buds ! i love their food ! ,"[-2, -2, -2, -2, 1, -2]"
477,520,person with shrimp. ! ! ,"[-2, -2, -2, -2, 1, -2]"
478,521,really very nice an quiet place with a waitress. i strongly recommend to visit this area  ; - ) ,"[-2, 1, 1, 1, -2, -2]"
479,523,"good food ,  service was extremely important ,  they get an a for that ! ","[-2, -2, -2, 1, 1, -2]"
480,524,"person best micro-brew. grab a booth along the windows  and  watch traffic as you sip a flight of their beers and put on a politician pizza ,  or person ,  a personal favorite of mine. ","[1, 1, 1, -2, 1, -2]"
481,525,this place is awesome. has everything you could want for norp cuisine. ,"[-2, -2, 1, -2, 1, -2]"
482,526,great place before and after work. nice man !   : source : ,"[-2, 1, 1, -2, -2, -2]"
483,527,vegetable pad norp is the best ! along with the soft . ,"[1, -2, -2, -2, 1, -2]"
484,528,it gets my tick ! ,"[-2, -2, 1, -2, -2, -2]"
485,529,best place to eat in date ! ,"[-2, -2, 1, -2, -2, -2]"
486,531,crab stuffed chicken hearts. yes ! ,"[-2, -2, -2, -2, 1, -2]"
487,532,good stuff ,"[-2, -2, -2, -2, 1, -2]"
488,534,probably the best starbucks in this state ,"[-2, -2, 1, -2, -2, -2]"
489,535,"we get promotion buy cardinal get cardinal free on sandwich. we also get birthday complementary dessert. the sandwich club  and  green tea is nice ,  the tea is nice and . person is a must try ","[1, -2, -2, -2, 1, -2]"
490,536,"definitely not speedy at your terminal night. so ,  be ready to practice your patience. ","[-2, -2, -2, -1, -2, -2]"
491,537,"the crab rice is not very hard. just basically rice and cheese ,  the lemon wi norp lemon sauce is great. the grape grapes are not too bad but i think they are not fresh enough. ","[-2, -2, -2, -2, 2, -2]"
492,538,"best salsa singer ,  on date though . ","[-2, -2, -2, -2, 2, -2]"
493,539,$ money lunch deal comes with soup and a drink ,"[-2, -2, 1, -2, -2, -2]"
494,540,nice cup of tea ?-you-you  ; - ) ,"[1, -2, -2, -2, -2, -2]"
495,541,you will not find a better breakfast dish anywhere. we were just for the country fried steak biscuits. org well spent ! ,"[-2, -2, 1, -2, 1, -2]"
496,542,best restaurant in town - try to get a table upstairs ,"[-2, -2, -2, -2, 1, -2]"
497,543,try the malay and a stall very much ,"[-2, -2, -2, -2, 1, -2]"
498,544,do not leave your wallet in the car if you are running in to get coffee. there are a lot if break-ins ,"[-2, -2, -2, -2, -2, -1]"
499,545,chicken wings are awesome ! ,"[-2, -2, -2, -2, 1, -2]"
500,546,"the service is very bad ,  stuff is rude and quite ,  very high spirits !  ? ","[-2, -2, -2, -1, -2, -2]"
501,547,try the pork ribs  :  ) ,"[-2, -2, -2, -2, 1, -2]"
502,548,"org was cooked to perfection. they did get it right. soft and tender ,  but still with that just right taste. and the homemade mix is incredible ! ","[-2, -2, -2, 1, 1, -2]"
503,549,really good music. ,"[-2, -2, -2, -2, 1, -2]"
504,550,"i do not normally like big dogs and it is not a cheap burger ,  but this is truly one of the best times i have had. it is quite messy to eat but extremely delicious. ","[-2, -2, -2, -2, 2, -2]"
505,551,go with the plate instead of the sandwich to get delicious fried potatoes with your meal ,"[-2, -2, -2, -2, 1, -2]"
506,552,their person dance is heavenly. ,"[1, -2, -2, -2, -2, -2]"
507,553,"very disappointed with the quality of ingredients and the portions ,  like food with no exceptional service. order took too long though the place was not crowded ,  overall ,  it is an experience i regret ","[-2, -2, -1, -1, -1, -2]"
508,554,horrible parking during rush time. actually at your terminal any hour. ,"[-2, -2, -1, -2, -2, -2]"
509,556,soft and elegant . value for money. ,"[-2, 1, 1, -2, -2, -2]"
510,557,org is a cool guy to hang with. sit at your terminal the - he will set you up right. ,"[-2, -2, -2, 1, -2, -2]"
511,558,"chocolate chip pancakes were extremely luxurious ,  i would like to have seen some more chocolate but maybe person was fluffy  and  very cute. hash browns were white outside creamy inside cardinal ","[-2, -2, -2, -2, 1, -2]"
512,559,"classic person ,  hard to beat them all the way across the board ,  though i do love that ","[-2, -2, -2, -2, 1, -2]"
513,560,super great tuna  and  person fish. i like how tune is not hot while the music is hot ,"[-2, -2, -2, -2, 1, -2]"
514,563,this city has one of the best locations in gpe. ideally located. please ! ,"[-2, 1, -2, -2, -2, 1]"
515,564,"try  "" please ""  ,  you will not regret it ! ","[-2, -2, -2, -2, 1, -2]"
516,565,men are so delicious !  especially . ,"[-2, -2, -2, -2, 1, -2]"
517,566,person here. it is simply the best ,"[-2, -2, -2, -2, 1, -2]"
518,567,the captain on the ordinal floor has a very poor sense of humor ! ,"[-2, -2, -2, -1, -2, -2]"
519,569,"very good store ,  great selection of norp candy ,  some are very high quality. highly recommended ! ","[-2, -2, 1, -2, 1, -2]"
520,570,"hands down one of my favorite restaurants. it ( smoked beef and slow roasted pork )  is amazing and order several sides such as the ribs ,  fried potatoes ,  and or ","[-2, -2, 1, -2, 1, -2]"
521,572,went here specifically for cheese sales after reading so many bad reviews which was light  and  good. it was one of the places to visit on my list  and  i was not disappointed. ,"[-2, -2, 1, -2, 1, -2]"
522,573,and this is one of the best around. ,"[-2, -2, 1, -2, -2, -2]"
523,574,a favourite place for a quick game ,"[-2, -2, 1, -2, -2, -2]"
524,575,great neighborhood place that supports teller elementary ! ,"[-2, -2, 1, -2, -2, -2]"
525,576,"try the dark , iced coffee. its awesome. ","[1, -2, -2, -2, -2, -2]"
526,577,money per wing ! ,"[-2, -2, -2, -2, 1, -2]"
527,578,"more beer here ,  good for chilling out with friends ","[1, -2, 1, -2, -2, -2]"
528,579,excellent black tea  * thumbs up * ,"[1, -2, -2, -2, -2, -2]"
529,580,thank heaven for them. and am not the managers and staff amazing  :  ) . ,"[-2, -2, 1, 1, -2, -2]"
530,581,order for their pancakes. forget about the rest in the menu  * * * ,"[-2, -2, -2, -2, 2, -2]"
531,582,come here for the chicken farm. ,"[-2, -2, -2, -2, 1, -2]"
532,583,were a lot of noodles and just cardinal little chips  :  /  went out completely hungry. ,"[-2, -2, -2, -2, -1, -2]"
533,584,"good food ,  drinks ,  entertainment ,   and  prices ! ","[1, 1, 1, -2, 1, -2]"
